-- MySQL dump 10.13  Distrib 5.7.30, for Linux (x86_64)
--
-- Host: localhost    Database: golang
-- ------------------------------------------------------
-- Server version	5.7.30-0ubuntu0.18.04.1

/*!40101 SET @OLD_CHARACTER_SET_CLIENT=@@CHARACTER_SET_CLIENT */;
/*!40101 SET @OLD_CHARACTER_SET_RESULTS=@@CHARACTER_SET_RESULTS */;
/*!40101 SET @OLD_COLLATION_CONNECTION=@@COLLATION_CONNECTION */;
/*!40101 SET NAMES utf8 */;
/*!40103 SET @OLD_TIME_ZONE=@@TIME_ZONE */;
/*!40103 SET TIME_ZONE='+00:00' */;
/*!40014 SET @OLD_UNIQUE_CHECKS=@@UNIQUE_CHECKS, UNIQUE_CHECKS=0 */;
/*!40014 SET @OLD_FOREIGN_KEY_CHECKS=@@FOREIGN_KEY_CHECKS, FOREIGN_KEY_CHECKS=0 */;
/*!40101 SET @OLD_SQL_MODE=@@SQL_MODE, SQL_MODE='NO_AUTO_VALUE_ON_ZERO' */;
/*!40111 SET @OLD_SQL_NOTES=@@SQL_NOTES, SQL_NOTES=0 */;

--
-- Current Database: `golang`
--

CREATE DATABASE /*!32312 IF NOT EXISTS*/ `golang` /*!40100 DEFAULT CHARACTER SET latin1 */;

USE `golang`;

--
-- Table structure for table `citas`
--

DROP TABLE IF EXISTS `citas`;
/*!40101 SET @saved_cs_client     = @@character_set_client */;
/*!40101 SET character_set_client = utf8 */;
CREATE TABLE `citas` (
  `id` int(11) NOT NULL AUTO_INCREMENT,
  `medico_id` int(11) DEFAULT NULL,
  `paciente_id` int(11) DEFAULT NULL,
  `anyo` int(11) DEFAULT NULL,
  `mes` int(11) DEFAULT NULL,
  `dia` int(11) DEFAULT NULL,
  `hora` int(11) DEFAULT NULL,
  `tipo` varchar(30) NOT NULL,
  PRIMARY KEY (`id`),
  UNIQUE KEY `medico_id` (`medico_id`,`anyo`,`mes`,`dia`,`hora`),
  KEY `paciente_id` (`paciente_id`),
  CONSTRAINT `citas_ibfk_1` FOREIGN KEY (`medico_id`) REFERENCES `usuarios` (`id`) ON DELETE CASCADE,
  CONSTRAINT `citas_ibfk_2` FOREIGN KEY (`paciente_id`) REFERENCES `usuarios` (`id`) ON DELETE CASCADE
) ENGINE=InnoDB DEFAULT CHARSET=latin1;
/*!40101 SET character_set_client = @saved_cs_client */;

--
-- Dumping data for table `citas`
--

LOCK TABLES `citas` WRITE;
/*!40000 ALTER TABLE `citas` DISABLE KEYS */;
/*!40000 ALTER TABLE `citas` ENABLE KEYS */;
UNLOCK TABLES;

--
-- Table structure for table `clinicas`
--

DROP TABLE IF EXISTS `clinicas`;
/*!40101 SET @saved_cs_client     = @@character_set_client */;
/*!40101 SET character_set_client = utf8 */;
CREATE TABLE `clinicas` (
  `id` int(11) NOT NULL AUTO_INCREMENT,
  `nombre` varchar(20) DEFAULT NULL,
  `direccion` varchar(50) DEFAULT NULL,
  `telefono` varchar(16) DEFAULT NULL,
  PRIMARY KEY (`id`),
  UNIQUE KEY `nombre` (`nombre`)
) ENGINE=InnoDB AUTO_INCREMENT=4 DEFAULT CHARSET=latin1;
/*!40101 SET character_set_client = @saved_cs_client */;

--
-- Dumping data for table `clinicas`
--

LOCK TABLES `clinicas` WRITE;
/*!40000 ALTER TABLE `clinicas` DISABLE KEYS */;
INSERT INTO `clinicas` VALUES (1,'Clínica Alicante','C/Noruega nº190','965891433'),(2,'Clínica Benidorm','Avda. Zamora nº11','965891438'),(3,'Clínica Elche','C/Palmeral nº13','965891436');
/*!40000 ALTER TABLE `clinicas` ENABLE KEYS */;
UNLOCK TABLES;

--
-- Table structure for table `empleados_nombres`
--

DROP TABLE IF EXISTS `empleados_nombres`;
/*!40101 SET @saved_cs_client     = @@character_set_client */;
/*!40101 SET character_set_client = utf8 */;
CREATE TABLE `empleados_nombres` (
  `usuario_id` int(11) NOT NULL,
  `nombre` varchar(150) NOT NULL,
  PRIMARY KEY (`usuario_id`),
  CONSTRAINT `empleados_nombres_ibfk_1` FOREIGN KEY (`usuario_id`) REFERENCES `usuarios` (`id`) ON DELETE CASCADE
) ENGINE=InnoDB DEFAULT CHARSET=latin1;
/*!40101 SET character_set_client = @saved_cs_client */;

--
-- Dumping data for table `empleados_nombres`
--

LOCK TABLES `empleados_nombres` WRITE;
/*!40000 ALTER TABLE `empleados_nombres` DISABLE KEYS */;
INSERT INTO `empleados_nombres` VALUES (4,'Miguel Ángel Pérez Soto'),(5,'Manuel Sala González'),(6,'Jose María Rioja Monzón'),(7,'Víctor Salamanca Muñoz'),(8,'Noelia Santander Charmorro'),(9,'María Cristina Zárate Amat'),(10,'Lucía Giráldez Arribas'),(11,'Pilar Carvajal Prieto'),(12,'Lidia Lemos Puig'),(13,'Ana Barrientos Monge'),(14,'Gonzalo Machado Vegas'),(15,'Felipe Laguna Cuevas'),(16,'Esther Casillas Torres'),(17,'Lorena Murcia Ribes'),(18,'Claudia Prats Doblas'),(19,'Noelia Portilla Borges'),(20,'Agustín Albarraciín Villegas'),(21,'Jordi San Román Abadía'),(22,'Fernando Fabregat Lanza'),(23,'Mónica Aragonés Sampedro');
/*!40000 ALTER TABLE `empleados_nombres` ENABLE KEYS */;
UNLOCK TABLES;

--
-- Table structure for table `especialidades`
--

DROP TABLE IF EXISTS `especialidades`;
/*!40101 SET @saved_cs_client     = @@character_set_client */;
/*!40101 SET character_set_client = utf8 */;
CREATE TABLE `especialidades` (
  `id` int(11) NOT NULL AUTO_INCREMENT,
  `nombre` varchar(30) DEFAULT NULL,
  PRIMARY KEY (`id`),
  UNIQUE KEY `nombre` (`nombre`)
) ENGINE=InnoDB AUTO_INCREMENT=8 DEFAULT CHARSET=latin1;
/*!40101 SET character_set_client = @saved_cs_client */;

--
-- Dumping data for table `especialidades`
--

LOCK TABLES `especialidades` WRITE;
/*!40000 ALTER TABLE `especialidades` DISABLE KEYS */;
INSERT INTO `especialidades` VALUES (1,'Dermatología'),(5,'Ginecología'),(6,'Hematología'),(3,'Oncología'),(2,'Pediatría'),(7,'Psiquiatría'),(4,'Rehabilitación');
/*!40000 ALTER TABLE `especialidades` ENABLE KEYS */;
UNLOCK TABLES;

--
-- Table structure for table `estadisticas_analiticas`
--

DROP TABLE IF EXISTS `estadisticas_analiticas`;
/*!40101 SET @saved_cs_client     = @@character_set_client */;
/*!40101 SET character_set_client = utf8 */;
CREATE TABLE `estadisticas_analiticas` (
  `id` varchar(36) NOT NULL,
  `leucocitos` float DEFAULT NULL,
  `hematies` float DEFAULT NULL,
  `plaquetas` float DEFAULT NULL,
  `glucosa` float DEFAULT NULL,
  `hierro` float DEFAULT NULL,
  PRIMARY KEY (`id`)
) ENGINE=InnoDB DEFAULT CHARSET=latin1;
/*!40101 SET character_set_client = @saved_cs_client */;

--
-- Dumping data for table `estadisticas_analiticas`
--

LOCK TABLES `estadisticas_analiticas` WRITE;
/*!40000 ALTER TABLE `estadisticas_analiticas` DISABLE KEYS */;
/*!40000 ALTER TABLE `estadisticas_analiticas` ENABLE KEYS */;
UNLOCK TABLES;

--
-- Table structure for table `estadisticas_analiticas_tags`
--

DROP TABLE IF EXISTS `estadisticas_analiticas_tags`;
/*!40101 SET @saved_cs_client     = @@character_set_client */;
/*!40101 SET character_set_client = utf8 */;
CREATE TABLE `estadisticas_analiticas_tags` (
  `analitica_id` varchar(36) NOT NULL,
  `tag_id` int(11) NOT NULL,
  PRIMARY KEY (`analitica_id`,`tag_id`),
  KEY `tag_id` (`tag_id`),
  CONSTRAINT `estadisticas_analiticas_tags_ibfk_1` FOREIGN KEY (`tag_id`) REFERENCES `tags` (`id`) ON DELETE CASCADE,
  CONSTRAINT `estadisticas_analiticas_tags_ibfk_2` FOREIGN KEY (`analitica_id`) REFERENCES `estadisticas_analiticas` (`id`) ON DELETE CASCADE
) ENGINE=InnoDB DEFAULT CHARSET=latin1;
/*!40101 SET character_set_client = @saved_cs_client */;

--
-- Dumping data for table `estadisticas_analiticas_tags`
--

LOCK TABLES `estadisticas_analiticas_tags` WRITE;
/*!40000 ALTER TABLE `estadisticas_analiticas_tags` DISABLE KEYS */;
/*!40000 ALTER TABLE `estadisticas_analiticas_tags` ENABLE KEYS */;
UNLOCK TABLES;

--
-- Table structure for table `roles`
--

DROP TABLE IF EXISTS `roles`;
/*!40101 SET @saved_cs_client     = @@character_set_client */;
/*!40101 SET character_set_client = utf8 */;
CREATE TABLE `roles` (
  `id` int(11) NOT NULL AUTO_INCREMENT,
  `nombre` varchar(20) DEFAULT NULL,
  `descripcion` varchar(50) DEFAULT NULL,
  PRIMARY KEY (`id`),
  UNIQUE KEY `nombre` (`nombre`)
) ENGINE=InnoDB AUTO_INCREMENT=7 DEFAULT CHARSET=latin1;
/*!40101 SET character_set_client = @saved_cs_client */;

--
-- Dumping data for table `roles`
--

LOCK TABLES `roles` WRITE;
/*!40000 ALTER TABLE `roles` DISABLE KEYS */;
INSERT INTO `roles` VALUES (1,'paciente','Paciente'),(2,'enfermero','Enfermero'),(3,'medico','Medico'),(4,'administradorC','Administrador clinica'),(5,'administradorG','Administrador global'),(6,'emergencias','Emergencias');
/*!40000 ALTER TABLE `roles` ENABLE KEYS */;
UNLOCK TABLES;

--
-- Table structure for table `solicitar_analiticas`
--

DROP TABLE IF EXISTS `solicitar_analiticas`;
/*!40101 SET @saved_cs_client     = @@character_set_client */;
/*!40101 SET character_set_client = utf8 */;
CREATE TABLE `solicitar_analiticas` (
  `paciente_id` int(11) NOT NULL,
  `empleado_id` int(11) NOT NULL,
  `analitica_id` int(11) NOT NULL,
  PRIMARY KEY (`paciente_id`,`empleado_id`,`analitica_id`),
  KEY `empleado_id` (`empleado_id`),
  KEY `analitica_id` (`analitica_id`),
  CONSTRAINT `solicitar_analiticas_ibfk_1` FOREIGN KEY (`paciente_id`) REFERENCES `usuarios` (`id`) ON DELETE CASCADE,
  CONSTRAINT `solicitar_analiticas_ibfk_2` FOREIGN KEY (`empleado_id`) REFERENCES `usuarios` (`id`) ON DELETE CASCADE,
  CONSTRAINT `solicitar_analiticas_ibfk_3` FOREIGN KEY (`analitica_id`) REFERENCES `usuarios_analiticas` (`id`) ON DELETE CASCADE
) ENGINE=InnoDB DEFAULT CHARSET=latin1;
/*!40101 SET character_set_client = @saved_cs_client */;

--
-- Dumping data for table `solicitar_analiticas`
--

LOCK TABLES `solicitar_analiticas` WRITE;
/*!40000 ALTER TABLE `solicitar_analiticas` DISABLE KEYS */;
/*!40000 ALTER TABLE `solicitar_analiticas` ENABLE KEYS */;
UNLOCK TABLES;

--
-- Table structure for table `solicitar_entradas_historial`
--

DROP TABLE IF EXISTS `solicitar_entradas_historial`;
/*!40101 SET @saved_cs_client     = @@character_set_client */;
/*!40101 SET character_set_client = utf8 */;
CREATE TABLE `solicitar_entradas_historial` (
  `paciente_id` int(11) NOT NULL,
  `empleado_id` int(11) NOT NULL,
  `entrada_id` int(11) NOT NULL,
  PRIMARY KEY (`paciente_id`,`empleado_id`,`entrada_id`),
  KEY `empleado_id` (`empleado_id`),
  KEY `entrada_id` (`entrada_id`),
  CONSTRAINT `solicitar_entradas_historial_ibfk_1` FOREIGN KEY (`paciente_id`) REFERENCES `usuarios` (`id`) ON DELETE CASCADE,
  CONSTRAINT `solicitar_entradas_historial_ibfk_2` FOREIGN KEY (`empleado_id`) REFERENCES `usuarios` (`id`) ON DELETE CASCADE,
  CONSTRAINT `solicitar_entradas_historial_ibfk_3` FOREIGN KEY (`entrada_id`) REFERENCES `usuarios_entradas_historial` (`id`) ON DELETE CASCADE
) ENGINE=InnoDB DEFAULT CHARSET=latin1;
/*!40101 SET character_set_client = @saved_cs_client */;

--
-- Dumping data for table `solicitar_entradas_historial`
--

LOCK TABLES `solicitar_entradas_historial` WRITE;
/*!40000 ALTER TABLE `solicitar_entradas_historial` DISABLE KEYS */;
/*!40000 ALTER TABLE `solicitar_entradas_historial` ENABLE KEYS */;
UNLOCK TABLES;

--
-- Table structure for table `solicitar_historial`
--

DROP TABLE IF EXISTS `solicitar_historial`;
/*!40101 SET @saved_cs_client     = @@character_set_client */;
/*!40101 SET character_set_client = utf8 */;
CREATE TABLE `solicitar_historial` (
  `paciente_id` int(11) NOT NULL,
  `empleado_id` int(11) NOT NULL,
  PRIMARY KEY (`paciente_id`,`empleado_id`),
  KEY `empleado_id` (`empleado_id`),
  CONSTRAINT `solicitar_historial_ibfk_1` FOREIGN KEY (`paciente_id`) REFERENCES `usuarios` (`id`) ON DELETE CASCADE,
  CONSTRAINT `solicitar_historial_ibfk_2` FOREIGN KEY (`empleado_id`) REFERENCES `usuarios` (`id`) ON DELETE CASCADE
) ENGINE=InnoDB DEFAULT CHARSET=latin1;
/*!40101 SET character_set_client = @saved_cs_client */;

--
-- Dumping data for table `solicitar_historial`
--

LOCK TABLES `solicitar_historial` WRITE;
/*!40000 ALTER TABLE `solicitar_historial` DISABLE KEYS */;
/*!40000 ALTER TABLE `solicitar_historial` ENABLE KEYS */;
UNLOCK TABLES;

--
-- Table structure for table `solicitar_historial_total`
--

DROP TABLE IF EXISTS `solicitar_historial_total`;
/*!40101 SET @saved_cs_client     = @@character_set_client */;
/*!40101 SET character_set_client = utf8 */;
CREATE TABLE `solicitar_historial_total` (
  `paciente_id` int(11) NOT NULL,
  `empleado_id` int(11) NOT NULL,
  PRIMARY KEY (`paciente_id`,`empleado_id`),
  KEY `empleado_id` (`empleado_id`),
  CONSTRAINT `solicitar_historial_total_ibfk_1` FOREIGN KEY (`paciente_id`) REFERENCES `usuarios` (`id`) ON DELETE CASCADE,
  CONSTRAINT `solicitar_historial_total_ibfk_2` FOREIGN KEY (`empleado_id`) REFERENCES `usuarios` (`id`) ON DELETE CASCADE
) ENGINE=InnoDB DEFAULT CHARSET=latin1;
/*!40101 SET character_set_client = @saved_cs_client */;

--
-- Dumping data for table `solicitar_historial_total`
--

LOCK TABLES `solicitar_historial_total` WRITE;
/*!40000 ALTER TABLE `solicitar_historial_total` DISABLE KEYS */;
/*!40000 ALTER TABLE `solicitar_historial_total` ENABLE KEYS */;
UNLOCK TABLES;

--
-- Table structure for table `tags`
--

DROP TABLE IF EXISTS `tags`;
/*!40101 SET @saved_cs_client     = @@character_set_client */;
/*!40101 SET character_set_client = utf8 */;
CREATE TABLE `tags` (
  `id` int(11) NOT NULL AUTO_INCREMENT,
  `nombre` varchar(30) DEFAULT NULL,
  PRIMARY KEY (`id`),
  UNIQUE KEY `nombre` (`nombre`)
) ENGINE=InnoDB AUTO_INCREMENT=7 DEFAULT CHARSET=latin1;
/*!40101 SET character_set_client = @saved_cs_client */;

--
-- Dumping data for table `tags`
--

LOCK TABLES `tags` WRITE;
/*!40000 ALTER TABLE `tags` DISABLE KEYS */;
INSERT INTO `tags` VALUES (4,'Anemia'),(3,'Anorexia'),(5,'Hombre'),(6,'Mujer'),(1,'Obesidad'),(2,'Taquicardia');
/*!40000 ALTER TABLE `tags` ENABLE KEYS */;
UNLOCK TABLES;

--
-- Table structure for table `usuarios`
--

DROP TABLE IF EXISTS `usuarios`;
/*!40101 SET @saved_cs_client     = @@character_set_client */;
/*!40101 SET character_set_client = utf8 */;
CREATE TABLE `usuarios` (
  `id` int(11) NOT NULL AUTO_INCREMENT,
  `dni` varchar(36) DEFAULT NULL,
  `nombre` varchar(100) NOT NULL,
  `apellidos` varchar(150) NOT NULL,
  `email` varchar(100) DEFAULT NULL,
  `password` varchar(100) NOT NULL,
  `created_at` datetime DEFAULT NULL,
  `clave` varchar(344) NOT NULL,
  `clave_maestra` varchar(344) NOT NULL,
  PRIMARY KEY (`id`),
  UNIQUE KEY `dni` (`dni`),
  UNIQUE KEY `email` (`email`)
) ENGINE=InnoDB AUTO_INCREMENT=29 DEFAULT CHARSET=latin1;
/*!40101 SET character_set_client = @saved_cs_client */;

--
-- Dumping data for table `usuarios`
--

LOCK TABLES `usuarios` WRITE;
/*!40000 ALTER TABLE `usuarios` DISABLE KEYS */;
INSERT INTO `usuarios` VALUES (1,'mfh0CQYsJgkV98vLIO2uLVfa-JSCi2Y0TA==','6ibaMFQkzJ14eEzcUjeDeLwYRBLIpN33WWU1FGq5','0Niw_HgXTUEvd02cSNRuog2jFeV3gRMNk7Tutccr','VCoLWuj2zCaAX02z9qIXFXfBis1qjGIghTkOcGW_9dU=','$argon2id$v=19$m=65536,t=1,p=1$47Hs3BShEe4Qn8M6kojGeQ$pS5J53kTzWiNjfd/hJrSr9kIv5m+Lp3ySTyk6BMQMF4','2020-06-17 10:38:05','X7smfkMJAOmRcwBTC55M+r0+M/xEROC+XxupKb7+HJuLnlsU5D/j6/S+JIa2bMAPDzWEVbk5+Ky5NPa1CNzibHZDuyXbraBvXucN8eWRP24z8hq/oXbmevpPj4mMU+l4X8NK3ww+QRLue1XUfzSwVOMiMzwluSg+Y5JlldmKb8bpOC8WsbdB3/urr3IuKcXuPFyq3dk7qh7q8i0pbucON2lNY61L4940bu4wzJGD/meNrB/lE8jznGahDPehQhcmyc23AL6MR5XbL1Dhv0Uclpr2R7mgfWaXFfWRTaqvvVfit3ZT2XYAeo017nqOYliGlgWM6sPfp0dY4YhDUuMLoA==','CwEf9VFo/4ieQCuH/dNMrjbSaPMmNw/9dcyhVaN7BZ0qKOD28utZ6vkiMeHjNhJ6HRFuDdT4Bot8VTnQTAQFZ9GikJrOGPcYtMJVRiVBwf+31oFChol7QjfHTXl24HFxiwZY50aMAMcVV61X7AKGh0IjqTVST8KWY2ddItEBkqDkR6MgI3p/s1wy4R78rMuskfunfqScrFzx5wpwNgb9SY0OQqWQR1JFBFVyuy3xlsZ4nRd71K/fqKwi2ECPsOhTN8J584sPDudfkeuqA3ttfris9qFN0uSsqMOvZnea9ppbpD/n37RoXFkqDi3SOpOsvOtSs9YJJUVuXYuD/n280A=='),(4,'B8_Ey8Y_ssUOaMpW2AOkeTU9vyRMT3aWAw==','kbD6vw9JlsdJN8Baoa0740k2r70IBMLmwYtsSGQ=','ajRNiMJXcUtqjxf4SOJEmWM4qm2998OkRLcz','8HOGFkPPzV87gregsSA_PNeWCALn7CsZqzs_aR0=','$argon2id$v=19$m=65536,t=1,p=1$MpD2/PiCewVINbnIBx1uEQ$fiyU/CFEDyy66qWivJkDGG/Lt4iCrCecGCl5w4VITn4','2020-06-17 10:46:46','nkeLyd5Qn9CPKXfEJRCoFEeTb+bC9dKyV9TNrZmc2NyarcKM0fZss6pbZn+I2dlw+0P2pD1Tm8BOrYQv1RaXlBMpZ9LeSRGqRm1AZmiatKwSNXBtD+mw2TNj5gfqQUjIjB47YsWFOO/5/oK0fwHWbBpABipmZeIdQYRFSa6x3TF8vrm9XmT57uJl6v4j+LAcuU6EqQUf3X07kioA6xJHUQ9kKWrtPLfkCBtfJJ1qHC6N1ZmCslgd/0mVBNnQTezk/lF7h1mrQAU4WSon+5fl+9PqEuJr8PXS9VX3HVXrNXW5pT/GNIIqg6niJw/Bfh8EEgyjlRlpAVL9TpR7MCupog==','rFdJdnWFFG/cvBrk8NgdutypgzZAM9nHfEJ+Ym0B24GhAossx+/MJm8x+JNCPQzoVYbUs9QAUrNUHfZQbj6KI5mrKaGqul57TCfTvRprVOUUz5h94Z3E6w13Txs79yBmri/xuMqNo469NZGMfymt8VrCjZeMwWFBfb+kJuW0ZjdfhZFyprfVtf2O3A1exs3HF2if8ZCMZ25zulZlW2JrjalUWYfXqTfl/2xhSx7ruThu/N77d0Uqr/xkkNng6Qgd7wCeM9aRi8zcpW+93E9Ek2GRurEczToNtzHxfIRLNT72/EBJynVcwep5zhDceKySQcSIYZozZjbok9j1cPZmoQ=='),(5,'Rzs-3pxkKEmejAEdfX2OCKJdDcKFN6kbiA==','F33SeOC4f6LR9wihlp87n1sQ1Gqcrw==','LyymxyTD8JQFNI7fes604M5lX-oq-Y6ImZT05fRT','2YWEffKk5nTBSFDn7dSGr2GkVAFMZ3b-QJr-7K4=','$argon2id$v=19$m=65536,t=1,p=1$IphIYzyRtnteCHEdOwMDVg$BYWuvFuBTbYL5MJwWuSkK41WgYBEwUpm9DCoPzm1R1E','2020-06-17 10:50:49','vcpy9j+VqEMdPBQg/Nv89tZgKTTJMvRdFof1TrpuL7FIKx9m+yMHNeLwrhCG6NrNS5Dl/5y/1DVBU8RFYqnbhgjo/10wvrNXNBDIJlYfEx1Vim66Rory9Z5wURt78eRE7h00wqXGJ4OQlz6Mr1Fd8IobSuiyzyQcndUdo6kXbKafV2ap/yiH0AGlfKJx0ODVqCiZ5JPYlIbvnwlp1JQGcPj2YHoTrtB8N0TwvNaQ1BJMEbRt1R0C/OE3MK/RqNkzyrAO9M4lsCDcg1hPK95t4hPmK98RNMrqi7sqViVqu5H9q9z4erEc0ru4C4EWsYpmu5Suhzjfhm1nBGkVtlp7Tg==','mPgZwmfRHfc4rhoX+kgi0TY9GlaUyIsaurSL+wnQbfXiea5aVNpjYkfA8L/2Xw+QIMvym222j980nLa8ZaPj33rd4vPp+dRennm4aJbX28Iy8ndPG2eFqTZPdfngSeYeEttc+VyJlxwSOvPFT7nfY2OpvXxoxKqyFWkOU3zdbVLifUaYG7uyPTbSIDYWS/L5gxQSvmZl7HGRobdjNXQrzfFpdxmZLnhKm3KeqlMphAdwPmqz4MVSetMem7dQjYZlLmf8WQPNjdVWsZTaRtiJomxDSp75GJ6Qnug9Y/oldQw3lO7bsld/LwuMrvjl9STC1AgCjTLzpN9hJBov676rbQ=='),(6,'4tvex4IICqKnatKl4Stx-j4hoLfh1zmKZA==','r_7CnvjRqaQe18ZRIXlOB7n50dfhyzaDEZnz','B5OvDV-6Xo5Zy_6fbN2N_pprZcgvJlLtj4-Ti1U=','tny8PplSed6Qjv6Y4akJolvClb30wY48SciYwT0=','$argon2id$v=19$m=65536,t=1,p=1$rphcp3zTr6UTOBJjzoHB6A$GK2QmY2JQZXIdEY1IEK/6gnExIXWi3Kn/g1SIYGzoi4','2020-06-17 10:52:58','L6OOiPg949Ze0mSSTCiLh8l75Fdt5D7aQZSs7xhVagPVMSewM3nZcjI3AsJ2tbyi2amUKMt6E8ue7egK6d2AvcMsVa9e50Mtyu8O7bj6yiGyvUwOTcirJQ7qZjbdRf508Z0/fztRLIKQrLvVLF9AVOVMQoNb3+FfKOvuETaYaQ0KwK27iHQKioWEosMlELO7cze7B/lPdwcQyIVAhslkNwlfBQ2YjL6Zyv5VE8oVYbMDUn0kog/yNr01ajgsTV+PAGHJlsda7BUFGZ9QR1V8F8VJx2YxcdEj2hFhWcf+hByRgvX/7hapJL90ydf/Y8orusHpzWeDEY8z6hExbtXn6w==','WX0niwvoKz4KsiQHqSe7Mk9FMFp9ROxhYtLNgUKMTTKUBFD5FrHPaa1yi/sVVqH+NqYY2Wl5YywyrkdHdFm9cfE8D2GGlYKp8iP7zvd48BiVHO3dBCDnwboJqQ61Y+ARVSJt+FYEHYBZOA/9BpqtB5xxx2F5gbeSgY2WJFShj13IlI64mkkfuwmVKBJ+Hrn0Hrw+IFddRle2b4N2ugeU6rQ3ZaRizF02Srwi/fhbaLozc5s2mLWjIdC9uKtBZFsbbfkwKVe1vUym34/YXqlEPpAPDDc0SqhVFOz/ZQ/jIxGIzO1NGBb0+AMbxcHmLKIPuC2DbqCpaK+GfhkedanWCw=='),(7,'TzQAoG1YWDypBR6O8vj1yHDJbeWRJ1cKqA==','M5E7XFLp857lsN3a4_wfODR8X6ajwHc=','iPZOCAb-xP4Cid90t6KzjgFxJeMbEWqHhx9aCJnYjm8=','S55hX8kH_xhQPNd_Q_tiC1BToZ-Ao1yVMvOfyBk=','$argon2id$v=19$m=65536,t=1,p=1$+B1TT5WncAbNlIz+uddCMg$NtloBK0DC0ZVseiNaptVI75xlIfO2KZ1exWteQ1Mdrs','2020-06-17 10:54:00','qnvB2lsQkJZtJMpjwZwHxiUQbFLsPbCIwUH9ejimrxixbLkDYHxFCq6TIZ9nQcHD996//TEa8bpOIUgFW6NVir4/K8B2J3WUuqR7dsdl8G1uX9Qv6JbLIw4Z7SXyGQOe6Fo+SOOVhVoGFkS/AaEuUrYf1NzkN6mUXuK8wYXb/X3zrbaCOBiygunxHFfiOq4kemkOqHCjgQfsY99OecWKMUHiHcrFEVkmHcl09BvAP06EToaSLgf+hpzbZZ0PB0a7aWOyBIdJ5shVuyvqpnexhYsHQ9CXylNiSlicRbi9SCWLcNWDX2HI8Xsrgtb3bkV/KOlgnaQULZ2HGKEXza4sOA==','VRVAT+52wKZVwFJCI9eamOBom3VqJFv894/ocL+G9fgJgMLHZ4Y9y7g4UmKAiex79mSlCtwZVmKcAqN+ULKfSdkPRxGzdnKgGucPlSek1o1lMMnLxE4rTWNBhcBAahJZ/TmV0JRr/pw00XI4x03WDsYRSQy8ql0yvZ9ezyt6X5PuzDO/obactHY2S2MD5Vv9rdsSTxA2pLADlVnqDNEUF6hlJsAhAoYeEP+A1aDqwWCrWMRAeG0K+scgxInnXaX3lVAeX3rS8QZQMEipjtteVCPqRp7/QDUtJImI5WXlOzZFIt6BymHWaYtfp/HZxZ43b5b7tH3Po+Roe0Oxn/QwIw=='),(8,'4FsSKmnmnNpNgBOZtvoTF4zLzRMQ7FErZA==','48RCMifogbDOsgVOzMXINpLxbLDRoQ==','ASzzJqrbAvVEb6WJMBTF9uOIxNeaO4T2xLIsFRxR9i-_cl0=','b-xjyXDgNZXCy3WLpbTDaQjqs6MpBR9aF6HyECc=','$argon2id$v=19$m=65536,t=1,p=1$Btw+DArlsXO5TS8d4433QA$da/A8TBhW8HZ95WWZqni7s12RO5kfa8AO+PQcO56rt4','2020-06-17 10:59:50','Icsqg7aKO2gRsZw8w8HDBy5Kpf+TybWoWdF/Bj32WK3EhPec0V3Eg1NOaKYY4bSudHtt8S3NYx6A6VjpYreqxfdFuYw5zzxY3r3ZBedNNn8qjtRU5jDopjklQGHEYCjPQBl+XSr0/9bBMgOGgfjCIW/2FWrOKRbG9nYz3jk6rJLQoNiPWrgEFHVQkrLt52PqLXKFLbfGg3uAAYdExBY0pNC9OKAQV/4HHn4/EfTQlHmHIXxj/xyLI7GHjNjb31D0QF26B1NdAlpEg1l3hRJBjzOykadTYBDJ8uQY/hIOuv9kmT51+NyfbrXXAr6/x+wf+k392i0xskryKOBIkAagqw==','tZFv6N+uiluObeaZLWsxUPRRi0ugn0VcyDfSCks3xwDvjJwj1UD0cHAvV3X17RKmpPNRR9zJTwdhZWCAajKaXQ25PLAq61XhsE6kkZm/NCIY8Wo/h9/0YvoGO/o+6Y2U89JOiGTg1HNhlOG5mISM+gLt8YsFNhuWI+scR2/9x+o4Po1Hd2841US3yJIO8HtM6M3P3sB+qD5Jh6x1EEWezZ9Te3gvTkMzs1Ib5X0RhRlstnsTQeehUFjuHVFf7OvnlokIgl8Oxv0AmsfkaGNITdoccKMW7JLx+dNHs2nbpTIxtVFnQdeU1jbqjXLmufA7GSbxF7bgKH9gl9dCsR/nYw=='),(9,'KLeHOcRo6OmvZRImkuVNeaGRdrQncGx4Tw==','ZFgusbihuzLQ3KFEztDRSECH6p_fYanRPobL9mr_Uw==','egk0YJhUKcb4lKO6nXvfKOiBGYH7XglWcYQeRA==','X7-8iDSUOei90Fn0pbsYmkZJ9nb9nCVddUXlnXE=','$argon2id$v=19$m=65536,t=1,p=1$fPG7X45+8xbJsPMcn1IO4A$RXzukGotu9gGD3xqiX4lzE2/SWztmJpvQtRdz2p8OME','2020-06-17 11:00:28','HqrmviWOp6YJFsKgyXzlZa5HgSfTl3j5VdCfd9/XwJfa83Ht63fI2BWuzlLiCI9kY1nxZNh1+AOiO0S+UCqhP4erpJlHYj1I3bbtXVTr9nXpG82LHSqH4Q1O3TyZdq5BX02ilFnksVxp+94NAoxeKaUtwKMs/kqnZwC6BuqlA2MrO9Cv1zC200cU/gbHRpFuMEPsteRwRBhh4h6tnClcw7yxIdK/gXOVsX3DEeMozJvghVzD/cVt+ffcyWVbbxq5219ztkcxmDZH0HjghmuJM9FZIEtEcL1oVH4mn+oiTFvJmDC8CM9AbPY2skgbIhSltbRhYR3xDPK6lLLsg48kbA==','vaMU/Rrq9zvNnom7Z7oSyQONfNCJ6VMZNOuPQb8+O0KW8x+pBIpG1+rMDTPwMsbMeL/5XdGl2oOJSynuLb3eH2i088HV6a5YEkImCHcxvp0wliiY/yfJQESxk7Ll5mA3Asol5LpJp63+jJbkqu7PsaDRmPZKapko7bUgJ/2fBp+7IqI9P9KY9YbKsQVKCGh6Si7cVtnSMpa729wRkndMNWvO6GPrbpv7O+iC7C41gTAsmAZTFGU7bdfaTZtMxvRZVteqkRR9cf2hzIDDEOi+yUiy1T0EYXIlW6QHLIWi+MNbRNh0jPOIkpP6y++/6CxgzdM1pSDwHO8XqgA6jfylfA=='),(10,'HSMNjjqhKly-c3Ek9b5FieqfjBNa5TtZ0Q==','O8zswzldqDRkJ7UIR3iYdVm75q6erw==','c4kKmM-GsRv2Ed5YeSco0VKv9ODy65g26a83xw7IbSrB','HeC88HG-JCLOvlpX4OnCa_QI1n0ufFJyOvhvY_o=','$argon2id$v=19$m=65536,t=1,p=1$VyJUN+XPV7e3C4PKs8cwRw$fFgBAqTQXSFSbvNex2v4vn1cL89xsjxyfrSm3v6XwFU','2020-06-17 11:05:02','F/zQvgn6KP4sLSyGU0ofrBU0IYAGQFqUiwPS0GhADZZtWYkAoeWh4AIcH1I89twz9VssnAtMVGNs/CoglpYafy1j3LoOwf/hnMW8hzSe4ghnB9FujN+0Y93D5aj1EDoy7sw0hXBAL24uOvyriAfQscigNNXKUE3yejzLnXuiRgNQnx1QnfA87dGIK88BS2fNoqgy6MR+ldoWFvPtoVDSjdZlra8qCB5vLiLRv7gEhjrBxHgAdrVqNe0e8IpJrRur6grdye7PzBZgjpwDEd3guY+u9blb6oJJoPzyWIqnhS7V/AZMmOc9uKowdnf0G0SKkIt4AAsbe86H2PJ+dXDKyA==','H3q6dSwKFgDiR6vFDXKnz8tHOGT6veOlKY3AijZ+lmR4psF07WF79GNZbpXa7Uz3ARWyzZhlEl8MK+gDFrmQHFJZUAouX/fBZAv0rii5/7IGgJfo3WB3wd9LNgwxhzrbRI6ehi+gJ2+gAbm5+A5QEHlzcpWdUNudQv5NxFH4k4i5ywXVRRgBzp0sVqNt5w1N6VKY/zpENBaX6rExFudzSMCtpUGFw1cpRbZ329H7VzngnYZOipzup3VEJZvFfhDNs8uvVAkiN0qtJjaI/XHkVUeQtt2AH9sTv71HvKthA0RGIEGkQOmlsvcg6x7bKpLE5/Psidc2IZzc5dhoRD8ZEQ=='),(11,'SHfbgDs1PVK-Qi-Qff0sSJj3aE7g8hNXnw==','nxH_TzXq2_2Juint1j-bQn8enna8','8DuDTrH1MMvOxpiT32EornRQo-q2FhqwSYLJXNvhJg==','2HtbufhBzwf1R7XmLUByOFZdY8w_DAZeAFHh2nM=','$argon2id$v=19$m=65536,t=1,p=1$HUFibiqTs4nN3t7z48/3Vw$sWdiibmOM1Us15ZRkU0QwnMHyyqdqfweLLC+aI2tAoA','2020-06-17 11:06:37','09LpVryY2W1LimkQyIlhvdQBeIkLrkNv3vTp3VlOVpr1ya6PF6nYC2qahp/kn/m2vrn3o3vQcji3H8rIOt2cInqo2Hj6JggzHLXEufqEc2UFNODBlum0NTHfMWB2lKJE1GuEBtyB0GnL+AoaBBvpSieR7CelHR8NpozEovrwvBuyp72Ko+62MspWQZPrp0+HVqlQc8s1u55cBy2BDqBSAL7iCYFXCWYr3mP9HiKDX6cP8zeH4IGuOcPxfI+9Y9+crV5EDMNloxXlrsOH18F8oQc8RS4yn58H9i+PNfXxWaZ+QVv9+BfhbDDpNcYSAyEk/8/yccb4YGGFiaV4EH1IEQ==','s0PjmNhxzpgdPAXvFJnIc07EIMlxgJBNJrj1hx8I/xtgk2i4SVf2+LdECJdFuETU5Cvb6Fdfnf8tYWLdTnzwLSR5YyMDUL5ecvTZSy/9DdQXLuQmJg4sw9CkmNdS635qdkqIPZlvRkX8BoFyVUOjyNKbGu+F+qACnh97oYm09rrxLxDlBHP1Vfv3oO/yGAU/zmYucsNMYn5aSTDncRy9L2EjgFZ75UGC7PJ2QQ6H0i1xLks5tBdSC9HNKl1c9y2ZI79tVTLTE7/iHXzydiVsRM8BBTwMxjICEvtLZGJ+nwu9eUtN4iEGe8GHgK/lXFwuUmTjK1zhrT0t7LepJqLgqA=='),(12,'4cQDv2yF92p-uqH-6zY1gZXrF9uFijNwJA==','8DsvvenjiZqFjCj6omONCJ5z2VZ4','IYomrJf55ZeHw8xLHGMfW8oamt7a5AkqPt4=','HVzlhwcB8dquL-xVPDVyKPyL9ubr7T25Y3898lI=','$argon2id$v=19$m=65536,t=1,p=1$Yw9EXDPlmzHFkzhK9nj5Mg$sK9aRsp8F6SDHOEpH/pzGobZaH4bSPqHAIMIeWRF93A','2020-06-17 11:12:30','rEDsJo1SJKGY0H/XsuF78h9pA99Zm4cPWe7M+yHGB6LoFoGWjNrrpjXQ7hFjd20fRi0+QixkRQkxVy8hLoBJ7ns5CR7bCraitMXXN9A7ld8MnC1F451bJzg4ys68TpSt4zXb1xlH6pn6qsHA0egOBfvw6ti8OU+tMYvMnd+taiYhnz2LzDUzKkB6rNPSSVxuB5O3QzqgamY9fn7CnAgIz/GEKkyGD3HVTvZ8INIJilS10iMZn5PfdSb8+GROvmLWwYoxfpuoNGxNSvZcrAezgd5OcnApnfoHD7OsLwNNhbzAFJaWNg63BxThjJvbddi0sSjqWPwLvrKwavdk+EkJEQ==','VpswoCPXs1YurzWL/ATu/gV37ATX/j5pFsSl8YSIeskoHb9rQUy0moAUobKY2h63sgCPGJInYo4rkDWl/FpoS/qe+hCjjyNHNnaSmulXJLqDX5oVmruAf2VH9O1BoisDG2YLr7KBfVnNq5ibDPUDnkKmRMCuTFhQRb0Hf9qIXEOPU8ZoIgsngYmSdd7Ztsjfx0Xkp59syG0zvgxJqvp08GV9k+EekvtqmfoYf6d+v6xfRd6qG98aODlheY51CsMAdXUJtxwutzh/r4qPJRDw77P773MDkqC4Bci5HEeGlSm4HLwpJQfdbR9fCWCkx69c+ktNcq8Mx5KRL2M4A2RstQ=='),(13,'gV2K-EbDuvFRgctt2OIclVhocpskGSxe5w==','d_w4yHIxjYqwA3V324t22gWI5A==','Ggkmm2DLzHNL06stmj1kAmvsjjunrnCljVqX54gzWSg=','haaVDSR5ASItHTvhk_Woze_wCfhm3rLWwXEOlBo=','$argon2id$v=19$m=65536,t=1,p=1$35pIhudlskeIRohzRtxeWQ$FbM28Qrvsu3HtIf3h2EnAmVHmz5wYLDkspjFxYoHmW4','2020-06-17 11:13:42','WgCYYlvwIrFYlAWfUc+RS3cmDXe+A1fRmTz+X1jxqKw7hsIFe7B5NFb/EX/SyPKq9ORhr4NqJHilyKF8jueeUyblMwwyeI+Tsba+sgYK2QpALMKVi/l+FTm/+kIwotquXIliB5pfAhSfJkOH1RD1XvEZI96lGIV5NbYNbGGRI81a+GFDBl1ZBC0HV/Vv4rDjkRFU1Nx2ZGbBACX/NTOLdn2PPrfRWwHYHXd1Y7zNmMYgpv+MWGQkEOX8ElzaeURtGKkDlIhhUdL8rif9pr/hNgdmlA9lDkQY/4JHDDd5ROlGsgpze1ypQ6x3mU90BIasqsuSgjQeYq6tmbsMATBy2A==','ip1s6Skp2xzsBiP1Cx5alpZjVfLr+2OY6GNl1TmdG7tKeAqo8on4Z7esp27hvqontPCVJigWWdhN64bAXwHxpadlD/NGnSO6mZDj+J5a6G77INv3gHlH4nnGIfFfN8WyfjKGCtpWvFTGbiUdlQinwU9a3M8a5f98yhEdwx4G/0IcIrEQhuqAaZmQXFFGRelQYzYuDHmqt3wt3DPg3n1/5eRXo/iW9N8lGfBDYVnT43czyrXxizX34d5Ixk4yWVZsJRLFBVL11Srw1EzkyKNgDoRxJ9B/+WWmQ3HuhO9R1e7t3uPzcxxqYbntf0LAIOCwtC+sJcD9G4uc4+Yhv5ESBg=='),(14,'KgInG9Kryt2LDLNlGLByUNxtspxyxjasmw==','V6_UmvoNyeLhBkcN-TSaZfkOeigjcRg=','jTsgYRoRSEgpNYwpI1FLaZUD9jt0jJjnrNqv4Nc=','JaLWC0Ys8STpFUnLnPlHdUah4xrwgfGFpHbQd-w=','$argon2id$v=19$m=65536,t=1,p=1$YkRQB4/i3dC/C1ORKRveLw$JRAmasakGZj/vx0jV1WDiz984RrO+xjge7aGpIy1Q6E','2020-06-17 11:29:01','E3ETCNSqWpjDlWvfLJxEbqGaJlfGmXvvXBp59WCXEUntJa+t8MNN2tW63VrCtpqIzUu5r+U94ZfLYgZTu2IpawLlD/2e80xOX/NNb2SINjc6ut2VxpAiHt0t+lBnGyuaOgviKFgzNPsxa7L83Oe3wNmaA6I3VBfPE8IDYGJUjeP3tGtAtvLHJAFn4eyC8LhorWWNosYmhs4d82LxTF5w58yghWMnjncVGZAr1X8h6W43mPiXsh1etOgI5k6yRB0C41bRG0FnuJndQh7BD0+cgL1h/UwgSb3m0FlW9gueAusSSAky6bR8CM0cH0f+1ZudYlBp5/d+JXczinX3qoNosQ==','SZIV+HHikQDylo9LDARS1sBHiabxLOhIqk/FA+8YLgP8uZllNyG39ezJT8IUT6OceNWt9ngaNgFpqooKy6IRa/sI9UVd+8kDHSVY3c9RuiubxvOvKY7l2PQlm0CccKkhmibo67jqztBPdkn+4oPjvEgemmtzhp/youksrhIQq8vXlOfs/1mOmJtDjvmgqaufwE1+DcOmI80e4KIhCBfDyEPih9vFmlApe+TDH/p6bab81pWWMZjixSx1CHA0ZwBmMsXYHFjyOyPPMgoGkTE9x4WF6bp+9wj91vG+e2UigKUja4P628eAZpSd1LcfhhKspE4mGvqon9W+JedfgOOuGQ=='),(15,'UQwPX89bhZqnuDUQDvACrSB2ygu4uguq9w==','WvXJvhmXdAYcdVU_ND0wHaCwPICgOg==','W1P5wQbOqMqhlitW4fgN6Sx4KLmFYSFT3IPgL_c=','eO2GR41emKGxmnT23wqcAmruxFaSJAWjS4xtBZw=','$argon2id$v=19$m=65536,t=1,p=1$im7VipWE1V8ypVCrUAxF0w$gWdP+550Tt7hD0w/jvMfYkjsYw+H+sbz8B5mo25qw8s','2020-06-17 11:30:07','obk5Ch6SFNZwEKfQprRFDSW3k26RRGPbe+aoWxfmLBrOae173ZQitdEnlrc7eOfrpC+IFIYAIbM05C0uv1UzxWQACPKx+/uZ5uwsSeEnl+rCWqjat4LlCCgSnNGDDqxfip+FzJ4Fhto8qSFGJyLNntlDXjCKcCNcMtCJLgNR8JTNV5+SHMNGk3GWuC3dSpnmT93oku/l75ofDWGtjUiaO1RIxptu12joXtmXA0fvjxJg2MNnPd16dKMLKr62rmy4VEN03xRaKVhUAFl9+v69jYf6ckZAskyXsWYH2Lfb/Ij6fgUInmUzY7oUmp77qtRlIeXWS8fTaln71wwJhC1TIQ==','s78FlJj4kOJsRhSX6yuSgUXfZ+HUeYk5GGWxEqpiz4H8QEXEU0XdiAbkD6lwVp1EbtBcz2aj+Q57Dzp1LGw6bTtcVv/Qu0HI5wpgUYqC0NfKreZ/54Q/olsp2QHhNlLT3E/fBZuQP9XedtjNyAnTyoi2UPcgBQO5TJ24v0hYQgdA/7sDdy2nwEntwB5e3/0eDl7zc+CVqcOZPmkXOgwWcMIxv2H6w9hN1lk/JD+6BpnOKDknSVEk/GBJ1FWbJvSEoKKKENDi1XrLqqgK569DmaC6nGg+7y1thTcar/kGz9G1S8iMseU+HMJQogFtj2SYgfc6ldXWTCVT/npoda1+5Q=='),(16,'-ktFOSYIbnTIOCSHwW7xHm6eo0SWYgk4zw==','Jm80ykaVqQHlGW6inTEOLDvsS6pEtg==','yUdMzp-9Jk62RvM0Otgh0ATw37cidsMLuQAJtVOGsw==','aXUkhy-EWLM_IGDz2TLML9Lq5yKsKTPmgS_JwM4=','$argon2id$v=19$m=65536,t=1,p=1$gHkUP2uCO14wimoRcdf1og$xZs5bF2K5bsu29IpWYGGeBtJ/14edOTSwmFnEWneMpo','2020-06-17 11:31:03','g7WExqpDex7lPqvLhz6Sxy5Ffh8jX6wKiNbOP7NrHYQJm5YYCMg1JjYia+g/d4rtZnCJlKhAJBD4D0ucSq9+R0eSAdudwledWF5aUlpGsK40e686HoEJmCB1veZr/Cgd9bBnyyrugkwCJQuycac+iZaUZq25zMH6qQ+ELWl1HmI8fRpJuhAogos1NBNKwZGjHVVQdHiB/+yLLqOs9V+BylR91KybDxgk3gmko+3kaXfbB01AzHEj2I2yaXXT5lwY3HVTJAHQawCXmJA5d/xcupY1vt1srEqztr10L8XDcX/iiRlHcLVUksIQ7xStOS+Wxh5ZzjtGg36H/VV7rfAc6A==','HHSZMBgXJLD6kSuE/1HyjFSfbG5KE6mLzLfN1BBqubbC3Pc7hCYE3k3HQtUPXdrM/QLBDXxmLpDFme0oglrMDh6KDsXNoFt6Idt5nG4/4EafJuE4y9G+vNaN6CumSnueoqAIO1Q4jMQH5Zw7GzxPUTAC65kNDABD8vKeweOE1WDi9i0Sh9rUbSIaVR58Wr4uidzFkqoCnpYM2xwswj+MRVyMWypr2AYtR/oV0Qu1w5MXoaGXbsDNn/HHKtLLgPy91+U6gPezpf8ILjDFhtP1Fkw9uedoeFuQx5aXv3+BEdCiS+GWou4CzAaxzixbstypgtAGwz4UIByFGW+v6o6jjg=='),(17,'Cp8uKOeBWrcQMS8iYLOe3kKqMA6e29o2-g==','yZIT3LbKysCYG5dCaW61jlL1W6Qx_A==','WrXqML2DYZXRJwjulNIZcOd8DUrC_LykEjKOoA==','M0jVRk6r5naVzlGX2yIKRR5o4KuUtQh8rPfCvf0=','$argon2id$v=19$m=65536,t=1,p=1$kgUkTnD7RFEPWA4x4zOKAQ$o3EzBeH07Pj8SkNzbCaz8WPV+wx7fngp77FYFzQgSVg','2020-06-17 11:37:40','WnLZrnfBBKJm3weYjPTiG818K3EqQZNCSxaZqe1XpvZ5aiEsNZRLpiTMCiFYZGRjNpKFxmhPQBSQxvznhDKYzQLlng1s1OBEhE9U+n6+YGYj0c7F+ehdnvGw51KkGnqFFMfGADX7HbVbO4p/zN4bzLnotgb1DJ0RGxJaZnZgD0KUPlU0BuV936KcpFbwZKuAMAoRpxSq68atwVbToRw2TOTB2votWtCjN3izbP9ct145jDWtTuqGghY3PvptBnvn6RocbyaGK4bQovjqjNZdy6JYFmFqtgsvJD/ppIzOEaABDff/S+B4TFqq+KJ1vjVDGtvvDKbWT7xlBzXRrpl0kA==','Gp0Em+o5c2fD+ZhR2/TyAZrocHw/Ith66XyYTr9qV6wV3jAts3j4niyfIXVL+DtpNB6OVBfebats5DTlQWr3Y6iKbzPd0fZJhcJUdgOW6ivsRXz5baoCwh96NyPpAN2eq9UDz/EZUg8w23jm1/O3SGNxHTOs7xaAV9EVNwdsILYDT/Cj7M6KbASU66VBli10mbp1r5w800wMs2SpLlhJocNZ6JrW/bZgOYhPWTzm09XacTxasNGIVe3BmXK2kK4RRddylWKjCDUicGOKgl6Dy4LTRKA2ZFoPcl6d6vSwN90d4G+qWOSccjkKmDkzRPts1+3NZ7jyRiGZ3y1T16oAkA=='),(18,'KRTH8NdkLR_0cgJnOrScU4RsWkQC6ouI2A==','nbKx9nGgbTdriVUgn5olb4kyB9kLp-Q=','pO47eNqsfj7eVjzTdqUvBTCEdNVONxZHwYebkw==','tMGdsN9tUFHYk6MlUm2VQmXu2qRIqlKazQHT7PY=','$argon2id$v=19$m=65536,t=1,p=1$o6cyCAB4+R4D5RDB3eJ7ZQ$3UUOiY7d/8PHSVt0ZazRpLCv5vl1Km8h4UYrPsmxZBQ','2020-06-17 11:38:52','XzsE7GRhTCpj2c7OoLiQstLxxB5aDV25AUcoXVLI0qew0uDU3K+c/d0+bwyd3sps3QdONkzLoLtb7SbgRHo+lcQLbzMXbyV5fU8H2kfnZk2XtNIbCWRJ7gSuYp4qcvz792fbhfPPF/MKINUC6XyvGYGlSXQBnOTmCUhNZlaZT7ahFLJB6O6q2lEawK27r4a61tq0Rfu2vv2SbhX05y6uuGyXxEeSixdigE+OPnVapzfl92FoJaP5XjLmhdT97/RZuF3V6n5aQtd9crh9tKC3K+PJqeBTMRvK1uegsAO+R7tQugSjvTYmlilKsxohT1l3Vd30sQpdLXE8g/i9KVCxeg==','2e49UixnpUl7HZOZBJyoi2ubQ1TabIY7Pat6DeiWRm5XL5q/fqCs3e3MB8mnEjIgdJhapdnGCVI4VN0XRKX4LOJZQvzwfqJf5H2+1p7YuVZK581ljky3uncPV9ZtYRDjE3UyHaKrW8hkjUhH4cfe2vl2k4pmlXKUGyvDzak/gp+3KGHqK0FHBKdDf/fOlnyPVT0AtfcvbQMpdD1QBz17IYo5imtE2FRqbDMPhUl1arDrYWntjcp4msqYhrWYHf8vh0gfIIIi8DU59s4/2oWHdelTmLyg1QvVZqDKUj/phAUTblJuTAfhAdf6m1DXC/IKmCwWBRT8W+EAz8ovwwvNLg=='),(19,'3nePfmqKVHRQWZZmFx4KL2vZw1T-AqX1ew==','I1GG4fNdpUD0Sg0wmFnNN4LMf1fEIA==','09XPGv8bMuYVoqCUOKCjD_uyQxDxQnXHMBXsgA89cA==','SWHYOMqDJAHqd2GbkcJA_aTvz1vt_ogWOog3f3Y=','$argon2id$v=19$m=65536,t=1,p=1$PEl3eBs9u6bSCq3yJgGJTw$pDBEf7jwmOKeV+QIBgcgxJjMri/r8KmJzeTJKeDeFk0','2020-06-17 11:39:59','E8e2C4rGv/8ov3L1wcEwMuiDXzxHof8KcZAA9ZJZg+OmFCPgBLASq8yawfnhxApAfWjtdiBrF6D/Xasrbez1VzTGiDVcdUBg6MhIMsnhu5fpR0DohjNTspeYBUZDTC7K+SFwUFT8SCL84ZQQYizldnrD5nPUTPHKPZ143mpHpFtbH0CTnwKR1R9fUq4y0cdoypMF3WhE7CJ/q9/zfGEKMq2/BS9rzM6BXw2/WIlxcbxvCoOw+Ut3N+o3VrAVNJil0PcGUsSctTZpa6Nz3cV7r/b7sH7bnxSojApPRl1P20MGFjs52tO+BBTSS9bg27xJQUvKgqM8qz/og6a3haY22w==','XuhtVgewMDq9xzKObL7xQ6om4Br9Eym9Fd2HnsGNi71lopqT5j3X7EJxSvyoym+uQ/gIkuxXdoVHVuLUThFaWGdYo2Kf8o9U6J4BoZHpajGCr0cT4G+BeUeItl+mrtW27aPHMLjhuj0PrnbxhQBm9PXKo0Q5O3XmXnSYqX+raBm6dPpxTB8VRprE5fiUSf6DgH+9+0i7qrroVu+LlS16Ue7ziEPTDc7sYewtaHlZE2OXID9fuOBZ+xnFaN/qa2/dsN7qtYH4xjMoABs9H2vIvVWDgoaP6rqOs18eM01QgcRWOlicUdBn5ZeXvU/U1EoLFFz+zdwJ3RlJI3ECv8loyA=='),(20,'XipxwotbJiLohj-P-oCSroB8hdqWPMUEgg==','TSzjklZzu8Zn2k8s2DqPnso-Yje1uT0P','B_eTECqMzpcp2gypZ9iXVVs6MXvVlfCp1dnzWby4zjMZX3ICPQ==','XVIDjzzx-dL_dsGIgXU6eIAvKqosbBYFfRveRWQ=','$argon2id$v=19$m=65536,t=1,p=1$if8j2gUo1zWeLVJYNEVpZA$WEdFd/nEqafWekinwI2Dsd17hMN7f3X7e7iTEYht9wQ','2020-06-17 11:41:13','lh9cLRH426IkDlE9tUVdWRXwRyAmB3LTMaeiN2uAvK1jJzOENa2nMsE84EXsR7UnBlfGiuMjhbz3dvzF1GG3xD9aVBxNioxwxU+YUQfXclIstD+jnLVBSFfaz01Q8wl/E0EIxAZyLJIbtH16f1FOS0dxwcL1rZkB6DjNf7ojNwHXZpCxxupng0/gxf37r4NGrQsZSKZwkBvYx++/jleGTKRVHA0MNF9In3RZWHTLsGvS8gyTO14Xxdq9Akezsjm7Ye/210cMSbLxN+yURd4dn1oTB0G7mjXqoQWrSyx844e9OS2itjEMlxtLa4iyBf4DZeUThWOIx/Ec7NcfKQPLnQ==','TmhwR5kHuteBmCJUe8B3o4sMYANssYd0UUzEfGPI2wz6xHFO+LTiQBi2LKOzZZXhRg0pNjc/3hNvjB7wrUnFKWzRFytOiX5qaYwi9kYTUkAegBUfk5TzYNFE/O1+P2i7/9tndZrY+bK7ohf7xFFJ+kDXoIze3syq2KqJ6MwBao47R1NuroJqhKkc7zyICbszNuCHBxth+nvmpm7H5E2VUxp9Jwg7GucEan3CrOKiRe35s9kl3aazOiSnd8B/lDYLBxlIGEO/9fAzxx2DNLOihhaFvS9o+dCAVunKTsteOyxtwO7n4q3UI/7nDWia58vDdwT8WyKbM+9IQc2N2z7mSQ=='),(21,'duEWS7eCCohi_7l9BqvK-p2cdxDz5qIm8A==','Lu8aPM94kfQmtMUkoKQICj6M2Mv6','0lSkzS0NlcsP8hl8tRAbLowGhag1zicf0fus8CWqNbFgzw==','To6Idqm1u8mBIAPHZIWljlNYF-RSbIDp71i8DTA=','$argon2id$v=19$m=65536,t=1,p=1$+zF2nMLj0eLObBw2ER9CEQ$SeRICx809QtNOcIeqVMTQzTo0nC0ECF+IrxtE3Gzox4','2020-06-17 11:43:09','r0zEUmYVQCH/WhMlT0W+tOPSy5+KFdXImdQfSHMPcK3+VnDcmdTw1Fy2gIL+76bH1cO+Noybql+cUewdPdPN2neY8GcLCZRaaf39Ii2x3R+jPTaJqTYNd0zVw7Gvct5ahVnAY4GzxY0cgiN7l8lPp6soP2CxVuK3FcUGiEZu/6X/y104bfu2BbKo5bx2iituZtLszeGF2yypQ8dqq+HNDFYpzYjmaZP5MR3/7CZPt4KluHO0GgSUZkJ7xFbcYRCxw86B/jOsOr9S3PXNzW3lKzYJcC7tSMuTDZFp6SggFw0BbcVAzAI5lXormXEXnKYd+l8DrqVmCXaxKgBBRjZ5OA==','KPIXwEHbmcqJe8OAFuSoPBPtdjk65Qc3Rn9QrQqH/ikgWEG4kGEDAzS4ghBn9waEDF5Kny1YH/xHCgQfhW0XbB9VLh1mnhodypx22yVJjLY5eWvkHpKdzy5izTRWa3CkAsymBMFgZrBXMAxXjOvLoFrsdp2UNRww3MwJObTtPIupDkIxSwT7xQeg6UuGGeP/nddlHz/xklJnp9zWeDn7lXdsKbtBmm0kVG52mBxRvbtdUGVvBafqyywE7AtKjR7OCbkMYVK1HS/U/MGyY4PmpW4P+7jzqVIv/90bH3UhJdNH/mLYD3tozsRq/LPfTNo5SUnuJxBIrMEfUV05KKEa3A=='),(22,'_UJx8OIQmpU2LU5PZUC8fkqlwT_Z_ZUApg==','KgAQk8LohT47XfPbrYvop-hVxJ_T9R-M','3f_kJicNtwXpyEp1z3QPxb5KtRs1t9RhX89dAOae','aUma2C0-UBhNktTxn5UO5Wz-WJzm0cwSYQr8jII=','$argon2id$v=19$m=65536,t=1,p=1$D8tQCssn/owvLWFkLWwRIg$uTB3rIx3obu+kPkpR1s3l7Q2PHZ1gE4ez915rHkM77U','2020-06-17 11:44:06','02KYnQHJ84CRI3FiAfp8/l38tcblLznw0gdtAYRMwl9yRIxxbzQW9P9Cx94B1fqXgHVLTkbgFP+aQaoBgLS/4El3yZTG3hv8kkel2VTOyVm/c+2fLPHIqydVCbxRxCyUY2Ys8ycaCDGTHo0xugasxH8nOpQFddNaMCVf8bm/AtAR9FA93mPeV6kDTHEwzuQvYggfDj48Y3bFKCTOGR+F8O/W1pOwL8UlYYGVoxWgiOZgfZtpq4n8qbCTwy2R/h/NcdIyPReFTpKGHErVj2GqN/REiQGiZAcs1cy6b03dGG+l23Gcc/YjqZBEXQdgPd7YrvasMTCaYUzLTwRJhtvVaw==','VMk0tR2DfRBAay+ZYrWa9OwcUdAN5yEndIb21gmHDMWFc6qXngmQwP69/f9XY9WlBKcgITrKzGq0607HX4yWnqemTu8NJ/vrWoDeeJP67cvXZ3ws2kuS69EDrvDdoerl9n02CDnQcvkUda2j1F77xVKQdKTeCLZe4MF4BY6l5JJXxG8xAhgG5tczJsXQlPj4cTwqLNyGlstRpqTUiRf6NswyxMevZVaf64/+KBqSFa77OUZ3MIJ6z7QkWyaRCeu69KtbBB4BVNRfS21KdjVLRuumU5gN50wwozAxdE+NUH2wF1+y/AclmWX+9CyKRBeum9MU2nGIEYi+0yeneAOspw=='),(23,'Dc4-2NtS-oDSMRkKLb31y-pgsFIzWZuShw==','hS7tJ-_25ZL9Yd_xs3H0YIY13RGf5Oo=','4pO9ltwubiGw8I_VcVezt953HV30vAILQswMKuK0kQQrAg==','80ELFDqOITck5l-PmVxo12qEdIj3y0f4_NjA0vo=','$argon2id$v=19$m=65536,t=1,p=1$iNPfl0XRlfkZA7hvTDSEZQ$Q0/7kcZsTADcSlCPVZNiJJ+9mLT47BnmxbI/hPQmZhw','2020-06-17 11:45:17','IUTeoU9G58keASqDx4QUVR+VhJj9i+Ub5QHRYXJ5o+NHxOvGQa3R2+NbtgszUnbw+YdwhA3LNrVqCYuAp925px1VNT6qHLhyjaUGONOUBY6AKBFNADcx5MHeIrcIxkeFsbdpzbTobdfF8oI0l9ctg0NaVgNijboc3HMHJV6ul5SofUjMxnKje1PWo6SiakoSt8dV30+O18k1EdTd0Zm5I2rYzCzLcDMajf9lXfp8DGRwJo6cjYffwgG3GT0gxxeSvN4xJ2pOPssXvl+bKSWQ6g9XLAoyFYBzjWVTyzw6oYQIxte/+RCqOAdeNZ2DMnmU44osLnShvY1pocam9en5uQ==','Yn/o9Z6sAzuw6KjqK9rnSsnmKpzT2/rRjIYdX+hd2TY3yVBmKY0yw1USp8nNpnn7qcBxfaMm72dDvmRLy3PaFrIy0tb9jdeR3NI2WhhZqZngZg5DovXBPaGZ5R7N2RAkYvpFQRfLS2Y48Ki1ASfszKLHtjKnQygTJusVZ27Ar87VG34wRJxpjRUOPYkjamK0J5N6+R6QjrT9Un82BTI6qCd4+6rhKDf07SdRfxi2etzcAZR6NE6Iw3Yp4f4LXd0N9RgFudaaUAfNxdcP4Zh739/3aGV/K8u32o0WcLYNt/sFOzrX8quDVeGDwF+iINvl5OlxwzaFc8sTDqeC1Zx2qQ=='),(24,'6qWu_siwIitYUGl669vtuMW0k_9sHzLRww==','sAKGgHBVRXbUtx7kQvWzrKzS8scjNg==','SneIyjU5-PLDaCmTPhpjQvn14Bz8xO0i5zZWYil3gsJTcw==','6aH0hhplr2uz0C4LMtLXupA7J-pR2j5h-YiCKic=','$argon2id$v=19$m=65536,t=1,p=1$WI+OzkzBhFRFJ4kViQRTZg$4W9znCg9ixgZim6Cc0Jtw6EOLnEf1OiWZ8QvZn7OA4I','2020-06-17 22:30:03','VH8/E3ohAepauguKzbGjx+OWHtKz/nl9XbgM+nHiG17wFza1BXAbFzt1i8ovHkVHCPuSFHh+0SenxEC0CO8NV5JgDUEsqKjXKt/Wk0nr3xjNpXyYIU3z1A+LLT3QS6TyKchJ/Glekbcn963eBk2M2jnHqdNu5ZCtWMj4gam7TMJpDunRmngvg6dYAtMEm8x6aYjqR3uKPo4oFDyOWOj5qTCUDR1ssq6bhymJtldoBjsxKKDVEytSPFxCV2P828Qw8rlRASPs51DM8O+Pm4FD+EpzSdWTMUfv1bRiL+WerUxbUe0LtnimE86DDcW9ePINv30osPFpH038McMjQ8RIRQ==','Pc5LMIw+gxug9JkOTts23y8f496dEZYlAfmU2HvHPTsFlV3czJicjvFYAuK2J9pQFWSOzvWR6G5kBu0nVZUcE/ZgELV5ki94bV2KKtH6VfmZMjRghMZzCuU1aAMQcy8h2JIxLRkedcHuPMsQUQ1R9+fJ1n3ALGz6zrSh4RZEvWA5oapO1rg+EUHJ65UG2V5DaQcf0+BBLIjh5JjSkwlwX9dhIya/ABSSwHgx//b+/4cFmPt7oNEJkXX3mGwN9iok6d+T7vzcgMNSVPc2awpl+I7uATur6w8fPbri34ggpAIk+7ovNy7Bzr1m/sSx4QQ44fpTJe1qoNJkd2AXDjnPVA=='),(25,'qhLdz9e09np9iDhma4Zj_P5jBJpWfOM8yA==','8EjdFrgOa9kScXqAnqJTA7i42mnkOw==','qK45s6-l0HU8nhrvROGa_dbjuUjRZArlBxJzGyo=','NxemphgJZsCKc_7M882eU4kfu68nHluMSWoy1QY=','$argon2id$v=19$m=65536,t=1,p=1$yAl+gBKiCkhYzBF3vlqa+A$WcBL6MVUzL4KIQFgolaVmWXCZ4LjhEYgmCUA6Q3ANpA','2020-06-17 22:32:21','HSd6EJIcLICOT246JNFpRGsgi2eiqbEaUfBhiWnqewCZlr/u+uwC8aC9prlrvpp/WfW/a3+UvfTd3X+OW5StvpMdxCXw5hZnzjztGfhTjtwaCj7qROqOFVQjx5pUatI9a32YzzPg66Jcpp/GKFJsz3edEspLDKe9/9oKora+TL9h31dBIENhaUvAvuNE8uE9Cq3wZttPcqpBV9qsCMwRjV0J0mTJfng0hK6AMY81bVA0ZkWqvL0kKKDh5AH71/39sp1NJJ8Uz8wODLGMfIzcK2LuqpZcTVQy16a/9WBdGyQ36faL3547PM3vnlMaRnophMl/50y6jOcM7+jzkbWEKw==','VfR0LpE2c5ioP6ixkSOOuvz9jE3L4ThgY//DzZePA1KNkQqu33uXV4Aa0LkjJb8SAGVVTcavXWC20l/mZKKZ2IY3AJHwmdUp1WiiD7EVuuG/BmP2eqOby3y2C/Xv0ENMJq+ZOemt5HhMjN9oWsIEC3OYgG2bu9LmOGpp3aJkMFDuFkBIQ96e8Cj5iBMwG/zOw/ivY8fHMAl7SCI5o9o/I8xWF3sdRh1f95AZWc3TWQmAoIhLw8ZVdchDXNi8KKF75DAmWdK2wr5NQCNgHhoYRhEnIDz4iKXkK1MZeOZbaIu6vCEcnYLCChoQl2grhJYSI7HNXPoZRbkcLxbPhajd1Q=='),(26,'tDuMkpqAssjtM9dtsxUgPlLmqxCltlSI7w==','USxTySPP62yUMac1GOKoctwuK3cUbg==','RSzoI2PFk-SiBE9zdsKManucH2IF4d3LI3YaQkDWwoE=','RtHyfDxs0HSoEac0Koqq5yi05H5ayMAhEHTCAZ43','$argon2id$v=19$m=65536,t=1,p=1$XZ7BjKbdAUrCCKR3W2dz9A$63kZ/wq8xIiQsbAaEg3tgI2URRkK5Jy8aS6/7a0XAto','2020-06-17 22:36:29','cDi9H/hRGiH7UysC7c/vw5MbiaUu0MO0HBLNzX/10s+NjbBkT18fKpJ3ODeCzBDNwUc8BViK8MVu+hi8JWKo9w6aPWcxA9aEJ8p1X48Q4NkV/1/DSZ1IYdc9oHISd2/2fA+dIV2o3knBzsAzZcKtTdJiGnx7XyOvUzk3gXQpGm1OPlyShZVf3T/1721TpiOPKlZIpqVEwh947soYNuOxwjNMwYJaAaLE1pTTuLWKve3JsVujatHGCeM0ZtX3DCYmWGTTAXgt8BNcFCV30u+5h5/6qOEKgmsrZzWE0OCa00MZ914fJp6viEwrs3gid8xzj0Sh/oy4h1s6P2XB2oD+Rg==','CCqfaqwQcI/0CiIg1e7L+Oya7naZIvXFjdIHtr0b1F/toUm+QfxCSQs8voWTiRv/GufbpX9CaVtTGy4tuZXPq7Sn2et3DCV77UFE3COBdElRQzcm5HP32z8JNxki1l87UZT47vGhIE9D/pum923yKyr1aCB/PXv9EgdY95uvIribBQNQAklO6wdzujEb+9s71dFUu5k+eoPecv6ajLBwMi+HSzkrDpkQC4ehMFpCvBvjkqht32q3CXjCUZTBUHRYfmGd49BIslaN4FVM/TVBbtTvBJne9LTITct1O7rcon8sQvEealXzfj2nNRiKrixYQVJ8uVauzeUd1SUMFx8j4g=='),(27,'0qUmW9BrseIOUEOhbvQeUT17sXwVfi70og==','NAy9VB3X2r2rat6D3JzUFeuJ_-46gDmVoYfACdw=','DDnXlnCSrWVIFRdj3kxTWOfjE_IHPuS841sdCDs=','t8B3fjsP0k3yjGZchT7P9iWvsGaEXsg3tA2UvqE=','$argon2id$v=19$m=65536,t=1,p=1$CvJnjPNx7WXgQS/+4aDyXQ$M1IkjTpNs+50UsYy/Hc/wNbb/AyrP0JcmLS7/Peecm0','2020-06-17 22:40:06','Vw38xrDKmhq7fjbjeBjvTCjZc+6JH0cGZpeNeISxmRn4vFj/Qj4vWY6WD5TCUF0h6IZ1HGaens3uQXeSeG8kADqGhW3pfOdkTPLsgzwiLJy6tB+tgfSA1BHpqgGre9lT4rmZmeJrcjirAcEH6WYfMNQXGwbWDSrlLSw1Dgf9TcreqpXBHMmocILtLqCuzLfVUbuDH2KmAeR7i4LvYyr+xD9W4/thGLGxX4zvDUmycRygrmjcQbJCAzhgAEpGGXFr/B8KBjvv3i0uMr6VwRnF9WpxVKNEdVqcB8Q/EEFShQ2bnE/E2pSSz5YCcKXyLSEu0aVPKogo2KYzwVT3MmuhZA==','qWfC9aYxj8yy1ssHxcvMsl9LxIOfrwOlnu6QZqqkfTygK+OEYCKnxdysxGiuTRRCNz61F/dzYS/8sxEMKbY38qcU4KMQf56t5xhPcVjT8DUG3BeiTZJZNcTgTLsXEXdBEV7teHKD4LVFkNaqrrpb3dUP3dnVvBRbegNqnGEj2FmCYgYqRa8IPKN4XMkXI2qW1VUMv1Bb+ABciVBDjSU91EbWJWdGTAJhJgFjjxBly/FSl2p9ixyD2fP7EJVW4zUOfVQltQVd1UDjgAV6ggLvjWm/5s2q1wjtte5EsGRD25vu0EqUaFrq1lkdo6iugE6qPEAKdrVKEWbIICDangC+MQ=='),(28,'N5uOy0mvpPbPIeGzoCLT6H-g8yRdRxkfuw==','nSYkFP1lUuszAMmeBZZsjZaX7K_WB2c=','FpNOgP2ceQGyLN8GIKjdXnTfK5XrjUV8xuTL','2jJ8Exfh8RZvR3m_FMURre28HrJC5eStKJE9wl0=','$argon2id$v=19$m=65536,t=1,p=1$VX+0zN8Xa5C4yTqc1EVwig$HwWweJXcYme5qMbvqbLC+kBbVBNw2OrwrVn4sklrPV0','2020-06-17 22:41:04','HzV9iDhgd9TxDb3bh3tS6XUYh5/eQ6YbJ7sVhpWHjelknxANgFWseCwNdf8bjhRi4OU2H17cnCaRx981fAuwMRv3ldHNSFu3KNuO51zBGqjf9MqJEfZQ9N344WbQ3FSLqeUtE8kCQuJIFtXgha9F69qoBGmfhcnwSTbMGDZ4lqA2OO0VtefJ74mlOLoUyrTU+qTcNE+xv7IsSU4yuIfceEPzziyCWEH1Kj5nH4vnbzrB/Mfhv6WE44G6zwPquzZPsAirUY9cgmwCtL+cTaJwa+ygOXeTWRIrZ57D7VSePNePgTFe+ELt0P4kIiqa65T4UPCVGe0A+kmkOoxmqwyLbg==','AJ4iRNPb0yxDhU3I+38B4IpAn1oAx8smYxEEldNZ5j3EDyWdluiH9HrHKXegMkzz8g6Vour+chkpg5LR1lXW23mUo4gyp8lI0n4oNOOeBKFMxQGWFhLWSEh/30M/fzC6r99ijHfJtYPx7kwIbJ5or83HeNUmYRnvCFUrQlnu4offtrzfuyTvVpo1iHn5gT//ZJLJVlw6TdrYkhJjJ/E3pE+EHR1Sep8G166U6SRfnYSiwXYd8WkjYRqs2/Hc4AaHCWVsanPW3BLO28HUBHqrTz7JtKy6N+MkB2oLg/VbwQn/wr1F7r7d3IHRu0oGkybHgsUUxFuAt8qjj2GekzNJNQ==');
/*!40000 ALTER TABLE `usuarios` ENABLE KEYS */;
UNLOCK TABLES;

--
-- Table structure for table `usuarios_analiticas`
--

DROP TABLE IF EXISTS `usuarios_analiticas`;
/*!40101 SET @saved_cs_client     = @@character_set_client */;
/*!40101 SET character_set_client = utf8 */;
CREATE TABLE `usuarios_analiticas` (
  `id` int(11) NOT NULL AUTO_INCREMENT,
  `empleado_id` int(11) DEFAULT NULL,
  `historial_id` int(11) DEFAULT NULL,
  `leucocitos` varchar(100) DEFAULT NULL,
  `hematies` varchar(100) DEFAULT NULL,
  `plaquetas` varchar(100) DEFAULT NULL,
  `glucosa` varchar(100) DEFAULT NULL,
  `hierro` varchar(100) DEFAULT NULL,
  `created_at` varchar(200) DEFAULT NULL,
  `clave` varchar(344) NOT NULL,
  `clave_maestra` varchar(344) NOT NULL,
  PRIMARY KEY (`id`),
  KEY `historial_id` (`historial_id`),
  KEY `empleado_id` (`empleado_id`),
  CONSTRAINT `usuarios_analiticas_ibfk_1` FOREIGN KEY (`historial_id`) REFERENCES `usuarios_historial` (`id`) ON DELETE CASCADE,
  CONSTRAINT `usuarios_analiticas_ibfk_2` FOREIGN KEY (`empleado_id`) REFERENCES `usuarios` (`id`) ON DELETE CASCADE
) ENGINE=InnoDB DEFAULT CHARSET=latin1;
/*!40101 SET character_set_client = @saved_cs_client */;

--
-- Dumping data for table `usuarios_analiticas`
--

LOCK TABLES `usuarios_analiticas` WRITE;
/*!40000 ALTER TABLE `usuarios_analiticas` DISABLE KEYS */;
/*!40000 ALTER TABLE `usuarios_analiticas` ENABLE KEYS */;
UNLOCK TABLES;

--
-- Table structure for table `usuarios_clinicas`
--

DROP TABLE IF EXISTS `usuarios_clinicas`;
/*!40101 SET @saved_cs_client     = @@character_set_client */;
/*!40101 SET character_set_client = utf8 */;
CREATE TABLE `usuarios_clinicas` (
  `usuario_id` int(11) NOT NULL,
  `clinica_id` int(11) NOT NULL,
  `rol_id` int(11) NOT NULL,
  PRIMARY KEY (`usuario_id`,`clinica_id`,`rol_id`),
  KEY `clinica_id` (`clinica_id`),
  KEY `rol_id` (`rol_id`),
  CONSTRAINT `usuarios_clinicas_ibfk_1` FOREIGN KEY (`usuario_id`) REFERENCES `usuarios` (`id`) ON DELETE CASCADE,
  CONSTRAINT `usuarios_clinicas_ibfk_2` FOREIGN KEY (`clinica_id`) REFERENCES `clinicas` (`id`) ON DELETE CASCADE,
  CONSTRAINT `usuarios_clinicas_ibfk_3` FOREIGN KEY (`rol_id`) REFERENCES `roles` (`id`) ON DELETE CASCADE
) ENGINE=InnoDB DEFAULT CHARSET=latin1;
/*!40101 SET character_set_client = @saved_cs_client */;

--
-- Dumping data for table `usuarios_clinicas`
--

LOCK TABLES `usuarios_clinicas` WRITE;
/*!40000 ALTER TABLE `usuarios_clinicas` DISABLE KEYS */;
INSERT INTO `usuarios_clinicas` VALUES (4,1,3),(5,1,3),(6,1,3),(7,1,3),(8,1,3),(9,1,3),(10,1,3),(11,1,3),(12,2,3),(13,2,3),(14,2,3),(15,2,3),(16,2,3),(17,3,3),(18,3,3),(19,3,3),(20,3,3),(21,3,3),(22,3,3),(23,3,3);
/*!40000 ALTER TABLE `usuarios_clinicas` ENABLE KEYS */;
UNLOCK TABLES;

--
-- Table structure for table `usuarios_dnihashes`
--

DROP TABLE IF EXISTS `usuarios_dnihashes`;
/*!40101 SET @saved_cs_client     = @@character_set_client */;
/*!40101 SET character_set_client = utf8 */;
CREATE TABLE `usuarios_dnihashes` (
  `usuario_id` int(11) NOT NULL,
  `dni_hash` varchar(64) DEFAULT NULL,
  PRIMARY KEY (`usuario_id`),
  UNIQUE KEY `dni_hash` (`dni_hash`),
  CONSTRAINT `usuarios_dnihashes_ibfk_1` FOREIGN KEY (`usuario_id`) REFERENCES `usuarios` (`id`) ON DELETE CASCADE
) ENGINE=InnoDB DEFAULT CHARSET=latin1;
/*!40101 SET character_set_client = @saved_cs_client */;

--
-- Dumping data for table `usuarios_dnihashes`
--

LOCK TABLES `usuarios_dnihashes` WRITE;
/*!40000 ALTER TABLE `usuarios_dnihashes` DISABLE KEYS */;
INSERT INTO `usuarios_dnihashes` VALUES (7,'042fb41483a22144fe7db2d7268fa0fe42e20a9a711f591a5132c3c225e6fae5'),(24,'161bd4b4b2f6f916bf6a24c3a118b5e4c511875bfe02fdbd0336ab6a338a34ce'),(4,'1df687a2ab898bbfb25e7341901caa75b6d330d06d9e0539cd73c3e4190a9d09'),(21,'20bc4ee2b4c2fb0beeec90dfa7e170b64895f8d2b79c595f0a2a4cd17b1f1821'),(16,'21e74b0d5c2a48c6f0e9438cbaaf4437f1adc06a5274cf42814af22bfac4f203'),(26,'2f28af7eb42b4cc787dbe3f140e4adf5dc8f91ee88b78b37951723760bf3e090'),(25,'31c3e60ebf86500b0dd4fd6b72b56620bca1feb559f98f6561c3ee64ba064bab'),(11,'33982da15f2f8bb39d9853c76c0b5a65607701b664fe191198bcd86142fc82a7'),(17,'3fd80be03493c599f88fd351b58214530d86e9f6590af123c0bf24559e680d11'),(27,'47650d58c8741bd5d2bb70cfaf8c08c161bfa097b8fdc7174b22e3c29cde4d3a'),(8,'675ebf3d397dff075c6446fe2df9ab0a3abb1c076db3e02323f3877e041e0708'),(9,'697b6964f41b8a2bbb0cc10db281ec2db9e5cccdb8a426cace5817478891bd65'),(10,'8b59c74e4bad3d9b7deb07b03a8b32cd443359a81e55017fdb77bb54a758d775'),(6,'9b6c126c9708aab8b110a3e86fdf3863dcba66ac6817376f03678d75fd26f848'),(19,'9d09295faf5d1d8513e5655e0d3538c745bce6667145b653243795c23d8814db'),(20,'a4e6c1f1d3b2102f333540413e4c4e396164b89e03b33c7d14831dcc8baae3aa'),(5,'a910f6a15bca7515aa66dfe68c559b67ade57663ee271e21c6879ec5c02925f2'),(15,'a9ea0f8869e1f35918a8fe92f284047f722415ecac64f5b8b55628fc757bdbf9'),(14,'b53b2256b22191c1eb432263924886f4c04c0e913aaf04d3d576fa6dbab9ea34'),(13,'b5423749a7150dc6c23a8b659b37a3386d95e330dcfa515737adf114847f9533'),(28,'c02c19f98b45c96da4abbd8f5abe7495f9f9da19eb645a8d55ce48f13e0c5ce6'),(22,'cb0fc91f90768486ffccfe121e45a5e9fdcfe1fb7002e343c97d910a7675d382'),(18,'dd6fb0b8fc027410b112dffda65ebb679410c82cd008def0fe490226bc630d04'),(23,'ef7a514978d1e4393ce989e1c99dd327740ba2a0cdeef28199901af1fb8ee81e'),(1,'f120bb5698d520c5691b6d603a00bfd662d13bf177a04571f9d10c0745dfa2a5'),(12,'f53d3128a973b3c1bdfa84bdb07be7f7afea2de8175e41c074a88e6a7c0f8570');
/*!40000 ALTER TABLE `usuarios_dnihashes` ENABLE KEYS */;
UNLOCK TABLES;

--
-- Table structure for table `usuarios_entradas_historial`
--

DROP TABLE IF EXISTS `usuarios_entradas_historial`;
/*!40101 SET @saved_cs_client     = @@character_set_client */;
/*!40101 SET character_set_client = utf8 */;
CREATE TABLE `usuarios_entradas_historial` (
  `id` int(11) NOT NULL AUTO_INCREMENT,
  `empleado_id` int(11) DEFAULT NULL,
  `historial_id` int(11) DEFAULT NULL,
  `tipo` varchar(100) DEFAULT NULL,
  `motivo_consulta` varchar(500) DEFAULT NULL,
  `juicio_diagnostico` varchar(500) DEFAULT NULL,
  `clave` varchar(344) NOT NULL,
  `clave_maestra` varchar(344) NOT NULL,
  `created_at` varchar(200) DEFAULT NULL,
  PRIMARY KEY (`id`),
  KEY `historial_id` (`historial_id`),
  KEY `empleado_id` (`empleado_id`),
  CONSTRAINT `usuarios_entradas_historial_ibfk_1` FOREIGN KEY (`historial_id`) REFERENCES `usuarios_historial` (`id`) ON DELETE CASCADE,
  CONSTRAINT `usuarios_entradas_historial_ibfk_2` FOREIGN KEY (`empleado_id`) REFERENCES `usuarios` (`id`) ON DELETE CASCADE
) ENGINE=InnoDB DEFAULT CHARSET=latin1;
/*!40101 SET character_set_client = @saved_cs_client */;

--
-- Dumping data for table `usuarios_entradas_historial`
--

LOCK TABLES `usuarios_entradas_historial` WRITE;
/*!40000 ALTER TABLE `usuarios_entradas_historial` DISABLE KEYS */;
/*!40000 ALTER TABLE `usuarios_entradas_historial` ENABLE KEYS */;
UNLOCK TABLES;

--
-- Table structure for table `usuarios_especialidades`
--

DROP TABLE IF EXISTS `usuarios_especialidades`;
/*!40101 SET @saved_cs_client     = @@character_set_client */;
/*!40101 SET character_set_client = utf8 */;
CREATE TABLE `usuarios_especialidades` (
  `usuario_id` int(11) NOT NULL,
  `especialidad_id` int(11) NOT NULL,
  PRIMARY KEY (`usuario_id`,`especialidad_id`),
  KEY `especialidad_id` (`especialidad_id`),
  CONSTRAINT `usuarios_especialidades_ibfk_1` FOREIGN KEY (`usuario_id`) REFERENCES `usuarios` (`id`) ON DELETE CASCADE,
  CONSTRAINT `usuarios_especialidades_ibfk_2` FOREIGN KEY (`especialidad_id`) REFERENCES `especialidades` (`id`) ON DELETE CASCADE
) ENGINE=InnoDB DEFAULT CHARSET=latin1;
/*!40101 SET character_set_client = @saved_cs_client */;

--
-- Dumping data for table `usuarios_especialidades`
--

LOCK TABLES `usuarios_especialidades` WRITE;
/*!40000 ALTER TABLE `usuarios_especialidades` DISABLE KEYS */;
INSERT INTO `usuarios_especialidades` VALUES (4,1),(10,1),(8,2),(11,2),(14,2),(15,2),(19,2),(7,3),(13,3),(20,3),(16,4),(17,4),(18,4),(5,5),(12,5),(23,5),(6,6),(21,6),(9,7),(22,7);
/*!40000 ALTER TABLE `usuarios_especialidades` ENABLE KEYS */;
UNLOCK TABLES;

--
-- Table structure for table `usuarios_historial`
--

DROP TABLE IF EXISTS `usuarios_historial`;
/*!40101 SET @saved_cs_client     = @@character_set_client */;
/*!40101 SET character_set_client = utf8 */;
CREATE TABLE `usuarios_historial` (
  `id` int(11) NOT NULL AUTO_INCREMENT,
  `sexo` varchar(100) DEFAULT NULL,
  `alergias` varchar(500) DEFAULT NULL,
  `usuario_id` int(11) DEFAULT NULL,
  `ultima_actualizacion` varchar(200) DEFAULT NULL,
  `clave` varchar(344) NOT NULL,
  `clave_maestra` varchar(344) NOT NULL,
  PRIMARY KEY (`id`),
  KEY `usuario_id` (`usuario_id`),
  CONSTRAINT `usuarios_historial_ibfk_1` FOREIGN KEY (`usuario_id`) REFERENCES `usuarios` (`id`) ON DELETE CASCADE
) ENGINE=InnoDB AUTO_INCREMENT=6 DEFAULT CHARSET=latin1;
/*!40101 SET character_set_client = @saved_cs_client */;

--
-- Dumping data for table `usuarios_historial`
--

LOCK TABLES `usuarios_historial` WRITE;
/*!40000 ALTER TABLE `usuarios_historial` DISABLE KEYS */;
INSERT INTO `usuarios_historial` VALUES (1,'3ZS2O0fzN95KO_xVnPLlc-GAXD6bMg==','dWV8O-sB0M7gfY2r30OzxJ77rfDVpBKE',24,'2020-06-17 22:30:03.336098','VH8/E3ohAepauguKzbGjx+OWHtKz/nl9XbgM+nHiG17wFza1BXAbFzt1i8ovHkVHCPuSFHh+0SenxEC0CO8NV5JgDUEsqKjXKt/Wk0nr3xjNpXyYIU3z1A+LLT3QS6TyKchJ/Glekbcn963eBk2M2jnHqdNu5ZCtWMj4gam7TMJpDunRmngvg6dYAtMEm8x6aYjqR3uKPo4oFDyOWOj5qTCUDR1ssq6bhymJtldoBjsxKKDVEytSPFxCV2P828Qw8rlRASPs51DM8O+Pm4FD+EpzSdWTMUfv1bRiL+WerUxbUe0LtnimE86DDcW9ePINv30osPFpH038McMjQ8RIRQ==','Pc5LMIw+gxug9JkOTts23y8f496dEZYlAfmU2HvHPTsFlV3czJicjvFYAuK2J9pQFWSOzvWR6G5kBu0nVZUcE/ZgELV5ki94bV2KKtH6VfmZMjRghMZzCuU1aAMQcy8h2JIxLRkedcHuPMsQUQ1R9+fJ1n3ALGz6zrSh4RZEvWA5oapO1rg+EUHJ65UG2V5DaQcf0+BBLIjh5JjSkwlwX9dhIya/ABSSwHgx//b+/4cFmPt7oNEJkXX3mGwN9iok6d+T7vzcgMNSVPc2awpl+I7uATur6w8fPbri34ggpAIk+7ovNy7Bzr1m/sSx4QQ44fpTJe1qoNJkd2AXDjnPVA=='),(2,'s5sIB__fY7ndQdJ0mtLNQFj4JZ4L','VLYFWYhC8U3DRlYsSgsYhelxxFRDwnnMYSHOUO7JxoUx5EuFIyyKD-9J',25,'2020-06-17 22:32:21.149893','HSd6EJIcLICOT246JNFpRGsgi2eiqbEaUfBhiWnqewCZlr/u+uwC8aC9prlrvpp/WfW/a3+UvfTd3X+OW5StvpMdxCXw5hZnzjztGfhTjtwaCj7qROqOFVQjx5pUatI9a32YzzPg66Jcpp/GKFJsz3edEspLDKe9/9oKora+TL9h31dBIENhaUvAvuNE8uE9Cq3wZttPcqpBV9qsCMwRjV0J0mTJfng0hK6AMY81bVA0ZkWqvL0kKKDh5AH71/39sp1NJJ8Uz8wODLGMfIzcK2LuqpZcTVQy16a/9WBdGyQ36faL3547PM3vnlMaRnophMl/50y6jOcM7+jzkbWEKw==','VfR0LpE2c5ioP6ixkSOOuvz9jE3L4ThgY//DzZePA1KNkQqu33uXV4Aa0LkjJb8SAGVVTcavXWC20l/mZKKZ2IY3AJHwmdUp1WiiD7EVuuG/BmP2eqOby3y2C/Xv0ENMJq+ZOemt5HhMjN9oWsIEC3OYgG2bu9LmOGpp3aJkMFDuFkBIQ96e8Cj5iBMwG/zOw/ivY8fHMAl7SCI5o9o/I8xWF3sdRh1f95AZWc3TWQmAoIhLw8ZVdchDXNi8KKF75DAmWdK2wr5NQCNgHhoYRhEnIDz4iKXkK1MZeOZbaIu6vCEcnYLCChoQl2grhJYSI7HNXPoZRbkcLxbPhajd1Q=='),(3,'5tGC3-IqMWff5Z0WGht7f9EvR1c0','yP7zUb9f6nieBkn7yZqgGfzbsI2HCFk4fT2xpf5_WIlQsi-4JNr3546HXkxVFKfzOyPoZ5tuTmjQE8Rk',26,'2020-06-17 22:36:28.956858','cDi9H/hRGiH7UysC7c/vw5MbiaUu0MO0HBLNzX/10s+NjbBkT18fKpJ3ODeCzBDNwUc8BViK8MVu+hi8JWKo9w6aPWcxA9aEJ8p1X48Q4NkV/1/DSZ1IYdc9oHISd2/2fA+dIV2o3knBzsAzZcKtTdJiGnx7XyOvUzk3gXQpGm1OPlyShZVf3T/1721TpiOPKlZIpqVEwh947soYNuOxwjNMwYJaAaLE1pTTuLWKve3JsVujatHGCeM0ZtX3DCYmWGTTAXgt8BNcFCV30u+5h5/6qOEKgmsrZzWE0OCa00MZ914fJp6viEwrs3gid8xzj0Sh/oy4h1s6P2XB2oD+Rg==','CCqfaqwQcI/0CiIg1e7L+Oya7naZIvXFjdIHtr0b1F/toUm+QfxCSQs8voWTiRv/GufbpX9CaVtTGy4tuZXPq7Sn2et3DCV77UFE3COBdElRQzcm5HP32z8JNxki1l87UZT47vGhIE9D/pum923yKyr1aCB/PXv9EgdY95uvIribBQNQAklO6wdzujEb+9s71dFUu5k+eoPecv6ajLBwMi+HSzkrDpkQC4ehMFpCvBvjkqht32q3CXjCUZTBUHRYfmGd49BIslaN4FVM/TVBbtTvBJne9LTITct1O7rcon8sQvEealXzfj2nNRiKrixYQVJ8uVauzeUd1SUMFx8j4g=='),(4,'TpAuyuD0KYaK1eRx7A2n21HwK90E-g==','xkV75W-vvI-m-lj2RBBmSyk6q1f1VmZyGc1a0A6HXHFpAnf0iYA=',27,'2020-06-17 22:40:06.171696','Vw38xrDKmhq7fjbjeBjvTCjZc+6JH0cGZpeNeISxmRn4vFj/Qj4vWY6WD5TCUF0h6IZ1HGaens3uQXeSeG8kADqGhW3pfOdkTPLsgzwiLJy6tB+tgfSA1BHpqgGre9lT4rmZmeJrcjirAcEH6WYfMNQXGwbWDSrlLSw1Dgf9TcreqpXBHMmocILtLqCuzLfVUbuDH2KmAeR7i4LvYyr+xD9W4/thGLGxX4zvDUmycRygrmjcQbJCAzhgAEpGGXFr/B8KBjvv3i0uMr6VwRnF9WpxVKNEdVqcB8Q/EEFShQ2bnE/E2pSSz5YCcKXyLSEu0aVPKogo2KYzwVT3MmuhZA==','qWfC9aYxj8yy1ssHxcvMsl9LxIOfrwOlnu6QZqqkfTygK+OEYCKnxdysxGiuTRRCNz61F/dzYS/8sxEMKbY38qcU4KMQf56t5xhPcVjT8DUG3BeiTZJZNcTgTLsXEXdBEV7teHKD4LVFkNaqrrpb3dUP3dnVvBRbegNqnGEj2FmCYgYqRa8IPKN4XMkXI2qW1VUMv1Bb+ABciVBDjSU91EbWJWdGTAJhJgFjjxBly/FSl2p9ixyD2fP7EJVW4zUOfVQltQVd1UDjgAV6ggLvjWm/5s2q1wjtte5EsGRD25vu0EqUaFrq1lkdo6iugE6qPEAKdrVKEWbIICDangC+MQ=='),(5,'Zqyhr7JcUess1feZo_uRxzKzJPY3pw==','uZg-z-q6bd3QfIASTbJrojjE6zY_xZAR',28,'2020-06-17 22:41:03.837644','HzV9iDhgd9TxDb3bh3tS6XUYh5/eQ6YbJ7sVhpWHjelknxANgFWseCwNdf8bjhRi4OU2H17cnCaRx981fAuwMRv3ldHNSFu3KNuO51zBGqjf9MqJEfZQ9N344WbQ3FSLqeUtE8kCQuJIFtXgha9F69qoBGmfhcnwSTbMGDZ4lqA2OO0VtefJ74mlOLoUyrTU+qTcNE+xv7IsSU4yuIfceEPzziyCWEH1Kj5nH4vnbzrB/Mfhv6WE44G6zwPquzZPsAirUY9cgmwCtL+cTaJwa+ygOXeTWRIrZ57D7VSePNePgTFe+ELt0P4kIiqa65T4UPCVGe0A+kmkOoxmqwyLbg==','AJ4iRNPb0yxDhU3I+38B4IpAn1oAx8smYxEEldNZ5j3EDyWdluiH9HrHKXegMkzz8g6Vour+chkpg5LR1lXW23mUo4gyp8lI0n4oNOOeBKFMxQGWFhLWSEh/30M/fzC6r99ijHfJtYPx7kwIbJ5or83HeNUmYRnvCFUrQlnu4offtrzfuyTvVpo1iHn5gT//ZJLJVlw6TdrYkhJjJ/E3pE+EHR1Sep8G166U6SRfnYSiwXYd8WkjYRqs2/Hc4AaHCWVsanPW3BLO28HUBHqrTz7JtKy6N+MkB2oLg/VbwQn/wr1F7r7d3IHRu0oGkybHgsUUxFuAt8qjj2GekzNJNQ==');
/*!40000 ALTER TABLE `usuarios_historial` ENABLE KEYS */;
UNLOCK TABLES;

--
-- Table structure for table `usuarios_master_pairkeys`
--

DROP TABLE IF EXISTS `usuarios_master_pairkeys`;
/*!40101 SET @saved_cs_client     = @@character_set_client */;
/*!40101 SET character_set_client = utf8 */;
CREATE TABLE `usuarios_master_pairkeys` (
  `id` int(11) NOT NULL AUTO_INCREMENT,
  `usuario_id` int(11) DEFAULT NULL,
  `public_key` blob,
  `private_key` blob,
  PRIMARY KEY (`id`),
  UNIQUE KEY `usuario_id` (`usuario_id`),
  CONSTRAINT `usuarios_master_pairkeys_ibfk_1` FOREIGN KEY (`usuario_id`) REFERENCES `usuarios` (`id`) ON DELETE CASCADE
) ENGINE=InnoDB AUTO_INCREMENT=2 DEFAULT CHARSET=latin1;
/*!40101 SET character_set_client = @saved_cs_client */;

--
-- Dumping data for table `usuarios_master_pairkeys`
--

LOCK TABLES `usuarios_master_pairkeys` WRITE;
/*!40000 ALTER TABLE `usuarios_master_pairkeys` DISABLE KEYS */;
INSERT INTO `usuarios_master_pairkeys` VALUES (1,1,_binary '-----BEGIN RSA PUBLIC KEY-----\nMIIBIjANBgkqhkiG9w0BAQEFAAOCAQ8AMIIBCgKCAQEA4+7jNUw/IuKK33xA05k3\nYkisEON66dBOhF3mqVi4KO923VpZciu/0O4yD9u/+xMJMEEPN6nxIArQDvj2ByZ8\nEVFQF9edTkxzRPdzDVNCFT4EKRqGawoB79qvDa30KfXXwXNrGbUmOLF+fFZJlM+W\nmcpFbmSgW8TlTIuErqcvKMdi2yGfV1jXw9Du+gewljuHKwEcBoac2z33RvCjmSbc\ne2skuu1Fskq1fD7Ahc8EvYhQavcAO1ZIi3IJhyOfEMf3fZ3JtSEKsiyeMwFujlO5\nr11hWbphux9iUkgIjmjfalKUDFZL0ioly+a2++EwXwQMITHzmTPSByEfojnrrOvs\nuQIDAQAB\n-----END RSA PUBLIC KEY-----\n',_binary 'EAfUlIj6hnEMvqziQ7mQaeXLKGJ1fYfITKzelDXwCFi1zKlCfwKhZBBTWYZMdf1o8rkwjMwMFYDO9LxoOXPj-3trLRA3zulDTdGvHIcWFBmS2pM9hO2lpGWkOfSyfxuKacREMdmmrXQkrZx23m1kxAqW5pAogK5AEu2XxNjxB9vxs_0hGZLfqSaUXYGuANhhUBSxUKUnWL0RYL7-Lgim_HZZu2VlPlYoFgBmpfkFWNdfMPPKk6f7eZS0f-7U6DtiMEXOasF-LcOjp8KqHePqa2hdlqe-ZBt1CxfN4vyFKPszeTUYBx-16tkb1LBt7AUT2N5Xy3zLKuzOwZM9VzQJAXB5CBpNYGK9w7_bx0mJo-kINLqip5bgzIKivURIyPjY1WsOSOYE6mxuwTocYKfLOPh-YiGk7VG99UwkXNdaVgdhsEMyRbt5h62jr-1TeXrWRxq5udtzYmgtaVPEywmX-RqMJq102tMci_9Ljls1qInaMS-IMAV2RrRNi47bejr5l-iei24_8VUlD5DIPx7WpnBkRZw2kmTGEKzE3_uqD7WkV-tcEnLdMdPqWM-yQhvPrkpVbYFxs97TLfH5T7QvPcthh-o8_4lBjrjbRVFifDZglPYvOma8tsn5gRZY-FOAWljR8G9uz3OmCWizHuyfN8vhD90-R4zEX14JLq0t59iRlqDbvMXYagfb2hhOrd4QvWyT50fBugj_Lx9AqiHqVFqdV5r_8INct0cIvfD6rho2Y94m-lQuB02UjmO7e5H3qI18brUBslMkSpkTnXHuZf7qX-k1Gwbj7_WN90mb-r14dv0O28GFbNQniA1v7tSW7K22D9H8sy0OaJ-kuQWNFdS4z_ifQIG0I-ASgA5SKdlPEvdkOVwBYGTyqhfZnZ9RtqL6OwaD7HO1ubwaf1XD_WWEUQmB6v1Ze_A7h0GqhqzxhIQHUACWutHbJqobTmN2vUy08J8xFfreVpiV_o_E5_q_3gQoDuUgQ2XzkR9QoMKL45LHgtst4B_KlAO_v7zM1qUvBNGBvNb42aMNmOZ1X5Xv_svLHsPCnSGN9sxGX5HoNRoK5FMu__fZ-gaeO-xlHdNDJeODp_pEFPwWpuhG659d-SpDE4tEhblEz6IMsCNKaBPMD1PSJmlngU3K7XVmdvdQ6KLW1Db7bt8wpOoRzJlrtEo1eqAJ0-BAY8vGCnwumCX1eFaC0WgpMx2sWwlfYcxKpSWTV97ukUnztopYhLHk4IW6G9tDLm39bOXCyWEHq1ZgBppDsDdQLuKJbk4I1VjS-SUFGdOfL3no7FKaguY1fsc2ffI-1yI1UisCvcvZiLqgJ1FUdS26z4bdyu5hItblZprYSM9pOz9ArR2zevk16oMJr8cUo5OK2FDDaBGxy2YRdTAsARLVEwvKLQOOege8fHsX7PcygyYHbjrZr0-83siDewgVZ_RPpniZA8ew-sap0uLMx_0k5jsDjijGFcG7cDxpdNF7ULgzNsXnT0JZ1rBvjiG4nDS7hdGwWNO17JqYEajXijNaZMvE_IUDjIilsQ3oboigDu6Qzrlc0U-ozcNYohTmtefkCU7Y84vOH0Cdpp2-TC4bejQDzHsytPod1n6RTzE3qcjFkM_CD0Q3oxKIj7cdyXAkk3diupyWZ0Wry0WuIl6nDyGuKX441hzIqICAp7zoTFSq926ASDnbc0yjM2rwscv2zHB0k5sFnkB3CqRKyix-PEWG290v_SffL1CQtui92HNx2BWYHAetpNIckWTsuKOWoY6fA5kC4cjmGuhedetcu32zkzIyLOBMVMm0PuVsLr8mwY5fnR8-TnnChNgbujqvNbvphkD3jtPaM6BIFsHWKnNd-2GBCu13Rhndh4Ghv1EgfBb2H5fccl0nYoaFhvQlSJv2pCw3RZ4GdJ6C0PStTZverqSSEa1i6i6QmL43oyu7q4wM7xVMgHNYSmswbKsYNcYvoYSsH68f7lv2g4KTf9dz1DR8UKOeBB_OoHq_xK8LNTHDmfy-ye9GT7s5mUaoZExL5r-q4UAggLnpRUN8V5U1Dixun7HZbXYTK-PxcmDDelSYE_u2iSr01k4rEey4BblYqYL9TJIc5Em2wcxuGhUcKKfgvjQ-S5axnmuIXPRnJRik50LdBe8pLoaks1-KhAR5YfKfbIUnSGphJPd705xtSe9YUv5wTtPU-kovlYUu2wh0ZPWRzQQ_NF568OHLVuup9wqnrsZ50FCMVcGttCfM2js5Oc6orlSDmNJW8c0bKa1Hmgy6mEZrvcSnjdsdRg0kslogqzqeJ_SPlThwFCKqRWPii4fpGcy5i0cEshkz0caQPxwqE9iTizseLGn5qn_a3_nPlY6Pd4wbDhmcvkxWy6B_-0YDRVH6NKGvp3kY7JchSupN7BvDi6camQgk-FJOnufZLemYslVToTqfmXeJ0o_6aOlSlgfu9Ck1CYB0uAhvYjx81YSlF17CqvIdje82VPkG91FSbaDTdmZHLt3y0I5-TRag8prRudvA4OrduyPiSa2X8ymHHUJc59CXit31h6gs9z7B90vOB8bqfPQOnHXVBqOIyfgvcaJl7aBcfCYImP_wlE0CT9aRqlFlYr5_UJIUPMHcjY7uMEKeAJzHD0zTlOerrE7w8EdXxGUYONWlPCTbTrjjOrKxLRAcj_ORzTNK3EMjGNAuJFopFip26OnOP1_ThNprS986Ofy0BXlQPNAhuYQ5Ch_zVZ1RlA_lE1MW7NPB3IHTN69Ax2-meFNkJmlsxor_zeyH4MD3lBJDMa6ds6dRuAOtaWwKnbnx6hMILG7UCCerSfZqKpFvnq1aOMwNxvjp2TyNnakuaWVGSLDag3dnPsV5WKV97oOjKJtjRjz4hRkZEIpz9oL2RR4cOm3mnniITF4C39mkLfeQIeOpKp5br8R39QljBw5ehaHABZpSq1c2olhEUa2OMtJmpZ0Ew1DKbr44qFsreNii4Z4CXO64VdXw7N6C3UtbEGIVctMRW5cbWYNoz0S-JBXe');
/*!40000 ALTER TABLE `usuarios_master_pairkeys` ENABLE KEYS */;
UNLOCK TABLES;

--
-- Table structure for table `usuarios_pairkeys`
--

DROP TABLE IF EXISTS `usuarios_pairkeys`;
/*!40101 SET @saved_cs_client     = @@character_set_client */;
/*!40101 SET character_set_client = utf8 */;
CREATE TABLE `usuarios_pairkeys` (
  `id` int(11) NOT NULL AUTO_INCREMENT,
  `usuario_id` int(11) DEFAULT NULL,
  `public_key` blob,
  `private_key` blob,
  PRIMARY KEY (`id`),
  UNIQUE KEY `usuario_id` (`usuario_id`),
  CONSTRAINT `usuarios_pairkeys_ibfk_1` FOREIGN KEY (`usuario_id`) REFERENCES `usuarios` (`id`) ON DELETE CASCADE
) ENGINE=InnoDB AUTO_INCREMENT=29 DEFAULT CHARSET=latin1;
/*!40101 SET character_set_client = @saved_cs_client */;

--
-- Dumping data for table `usuarios_pairkeys`
--

LOCK TABLES `usuarios_pairkeys` WRITE;
/*!40000 ALTER TABLE `usuarios_pairkeys` DISABLE KEYS */;
INSERT INTO `usuarios_pairkeys` VALUES (1,1,_binary '-----BEGIN RSA PUBLIC KEY-----\nMIIBIjANBgkqhkiG9w0BAQEFAAOCAQ8AMIIBCgKCAQEAnj0Myoy0O0YqCGzOwmF8\nJIz2BlrUShjfcThKTUSTTWRLsWxumpuO9zf8GksWi3N7oRMIp4YMsmaG8niazlBE\nk7+gNTRiX2RZ5S5Ps6mSP39wdzCZjvTcsha0Qqce1WI2mMKMEQ7gqyW58j8SiHVN\nLA/vNs3js0eY9mPNRJS8Y3r2XhxOr5ijosR4EXh7XeaZXLxhIHRpEOC91801z0+5\nW2fBZH08uQDtQmvskIxnbleYisJrqURoY3pFq8flyhEgRFk3r1NztkTc1mucCTdx\nHh4E5RSKPmUAjL+Dnn0MEBrHZyDpvtnIypPHyziVO2a6x23lPntKaO+BZDC3C8nx\nYwIDAQAB\n-----END RSA PUBLIC KEY-----\n',_binary 'A0GX_8M6rgJLbLGRfv14M4p81afi899RZ3M1VYH3M2MeeG1b2J8s0bnh5e7hvlEBaJ5X5J-EiNzAgu-0MW_bFkd0G4_81CH6KeqkNNOSMcgmUVq2K85L7igW1D5foV4HOTsNjA0KQphq44k-g4LKjh9j86wK5C83SZGZoWYSIuAkjq9ruwRkUpIpCp50V14dKTpCg6MarVR8NioMVRSNOE52I5u-Efd-xpKFeXOySpc-82z1Wr8qFtl6uFcG0se1nxMfktTMsCEDWdxOhl56PyRLiB5mXyV6nJ5oZ9eiZMaakYAsydcIq6Xu5kRs76ygg8_4JoVQ02UfRfg4AgLM1v4G-gQMQwQW4UcpJ5ocgNdRtrNKcPaTbu8bzzhgvrUDzLqmdguikB8GVZ1GWgvtysKogqUlF3NneOG0Sk__wtOgqyCtksy-LcRFnVWUPYGjwcrhIfymcuZxetGkibpkJOolQ5TNJsmOeDz8hsCimcXgHYFjMiKl7U3cryOEA3Ad1dehagQv4boJIIpA9KsAyvwnhcdjJHBlXDGHUXyIkp9fsgm1AmbO-LNkkYlE12qc-4lt8WbAN6SAfjQwH58Fr0aYx4MZZR4MGWi2tR6PtZ2JeGiFJKKodfqoF-9q40XJgzaSBV2LYYW3uLMnt9fKHfm8ktsNynZU0AsxsOiSNBSk5ysv7voEtoK6n_HuYCLEE9TqM3FVRLj7mJTH7hMcdwkp2TLUWEPZqo4h5AeG2oMrb9cws4d0HQfPQXJtgbHA5z5OtcozJEEa_9FcVrE1xP09mbFemdFbKVVPu-IZT95sfhWyuORr0ZTZLjhull-T-yzrlzoZ9QwURbh2ty_TmZR3p9eHUhOdV7fpGOKdUyW0CcFVy2it-CwLWIqJJ8BqN5hTk_JQ87Q5YgLp3TGhhRNG0-KGHfmJ4yB4Oem_9iswRmYVn2m-u3RTk7SwtiDHOtIesaEWE9c1VmwGnDLMhlksphqRaAjY6wSmdJg61muR3b-XAkvDXvxznycHkRN6UqU-WPN2mIinMhGT6buBzRsTlpFpTAqCv-Hbg13RtoIahTEGgWf33YGr1Wy4X4PXsXx6JpTvO8fZ3HcOL4FX79FHQUTM2P9eUqfREC1IWaDUfws1bzBeV3BwCHpWCVMPw62-o3fmWdOmOCihxlnHtYjFR0mhzj1gKgJPnCCZ0hn9qD-xaMPh0dhpPhGuxGif_8yP-hZPCwof-bSk1CMJ0PX45niDVJW4yuUTrdqXru_adtb_8bObwO5YU_-s3ci4ogShrhR1vbMjoF4FxBqwwYbDbOZoLelSQeOUWuhPaon2MvJteU7rLysXnW_LSM95sw4tnQYuIzc-juz508O50VZ-SzkLCirKeeWBlsRmZW7sisqpPuxu3uJsyQP9aQme6ycrjZHu7Ieq-aX8WJuseE9-JLNk5aC0-J2zmHdwLzY8cz7C3wmL7CKVMsW77fmclZfUrY3SfmmCpOzi39o2PGnlL_nVYAd2MNgmDl-F8LXyB1RREyjtiRI8Lw9VT281niJGOn3nEiA--StutRzQCoJ8D6_mUMJdc1ixOeRXbp-EptDsW2OGqYKkNkifz7DDnX8PyETFuMjDj6Xj3oRW4mltRf7hNmBws0z89W-9fz5Yht8GaMqXAKrARV6oKRgtyjww7zd_53cX5VKeW1tMTFugUnATq2b6HvB_n-mGq2PBhgoTtKxgUTH7hPcCUz8ydtKxTjrydL1t-Q2BdFISxT0HI_tkNO5hURPr-Zevhz3CkrdbU6fDWsUvlF0DtViN0XaZfp6aZ_DNAT6z69rkzvsCrG4YeZu3EfRtBYVUGjlFFkFdhWf1sTmTBpXI0tlp3HSrotdutkN8ZgTGAaCjQ6gEAWW443Dluqjx126C9o3QWJdlLqnwKLhDinQoXoQ2dTzMw02EUAgrI0MnmjJsIKuZnKQ78iwS3GDhseDiaW6hrZFtV-h5VCq6JW3ruWl3TQY0Rl35Fn76bmrRN3TfjF2u4WJjODX5aMwHs8p7mZ6XqUSmjliQx9eyrSxmwONe0PChdSIRk6e7jjtZsU_kfPeoXLPd9FXUoJTFncyjuUJg-E0uXr39g7Fj5utHaO5CUv8Fsl3SesbLNM-zyqsRQpxyghmgkdvB5Gg5LGJuaQ11Hjr5QfaFs2WI2ly1z3l41CKfV_ILl5cXCjeZCzn-l-9VvkErJ061fM8_0_DalLbEMAqlCD50nLoSLADmIsvXkNOG3Hz8Si850JG__tcR_V0EhuGbbQ8Y80jlhn4StuA5_lerMmFUbZesHj8jIaANp-jr4VFY-iA3qSLCjTBgaLIFJprfRKlH0xAlpsSz3g0h9n_nUInBeFXwP2tLI_qJiuCrJ49h2srVR5_PGREnvOUNfq3YldEq2oMzDl3Q87LUOhm93vo9DUTEJhMjq8I3QlLsC5kny5Va5mR5AS4Wvj4reDLM-zfntWdqQCNey7cYWbwRfZa15XYmQeknlw9h12CwzvGObvojbIIXfTngcTT45-m483ICVVGW9QPi8lMe8du_mhHdBzvlYC6BVehP5xZzf9jdrW65x0SC4beANWmYmNrUuBTJXzEN9NOFXNPs2bJxxV2Ow4TYtWUNUuqFbYEsmohnUMsgOuAsG-mDbzI-8uI05h51GhjjMK0eHOyP3F9KZCWuwAYiqtJueTJ6jNYnsBgWj3ZnuLrGI-db-aiDeUXM9A4VT2wrrOVRsOamlavLn67VntP8nnvjtZQK0PpmyAEGaH9fBw-DZJz_XLKf1QLMvZJSmC9aFaabs4TAkW8ou6eGaMEe_LLR2T9fWbMd5NvxKkviToR9rwjpQslygf2TPJU5Bhyv25SxRpsmOVs10xqSpYN4l6T3OUstZzNrmeEfXD96FmRqjDB7fazcxB2V3N6BRBlyKb-Npk3zG0_tzCDVNdptCFSckmWJCJwXrjZ4Le6xBZnzIdEs6JzW_-ZM6zOedjn7sewsgthB4SSlL0brJ5N3alr5_NgH'),(4,4,_binary '-----BEGIN RSA PUBLIC KEY-----\nMIIBIjANBgkqhkiG9w0BAQEFAAOCAQ8AMIIBCgKCAQEA5f+HFACC6rSuWS2QphrL\nVSE9q4rsqz+mHAP3cC2AVzHthyIg3LpY2SvCc5Jsg/SiCjBNrcQ0y0L3xj2BSTy6\n0SRGKcgeEteoVLwkda1EvBIxnbESoCpIa6yLFcnrsIdqC6G2LDp5DQ4jhA2t+6Ll\nWaUIXES3Y23NCDmt3G50x+CdF81NXhbD6o0tyyQ9R/pA9GTs1UtdenP7XPCCcDw0\npU5RSTJs2v9MhwM6iQUwamSTXwCVRw9FYaIB/SY1wxMPYPWvkLxdrxZU8M+kVKuW\n00k4p0Trh5eAcmjWTrvWgFWV//BmjeL1kIFwGCFlWRi4CwiGtoOyWlk4UpYQv/NH\nPQIDAQAB\n-----END RSA PUBLIC KEY-----\n',_binary 'eLd6DXkMkOZ57Bwb7apKfap8pee9f9YzCwRNFyMRbJeKAUgcbSdg0GSRGmZu3KTKjkAhrZQQIm65Cf-AbgywsLg0IbPn964OdMsVgGMPbR8NI48AtzpwjJ4t4KENV2JdP5X4AEzAJ3dvZn0q5m8oSKXiC5T5JAaI9weCuHOjuo35TWgz_89AhDOdOEM4_ebX_Pr4-TJsLJCsI7Tw0fQ8FxVo9YAEKGyFE9AigLMaEyu7BjIRPTvd3QYzjQB_PMqj3FLBjkJSJ0RLSO8KHhWwuGEmmDsSmiXe8SNgUPj4TbW0QNHSKQuVnl9Ftz9EFX2PuXw977ohh5JN1j335lulOlpDK1YaozHqAXD1ltaHVCbe-pMZriGf-7Dc3KzRdEUll9EIj64L9DbD0FNc-ublHQF5w6sn_qxVEbcTRHesISzFZ71mhMlmYXlK_ENcQfSrGfKM4R6qw2noNvG8ig5s8b0Hv9qWgSoBn0YIh32fztnX0Tv46CmYqSaWVcg1x8HbC5MpWGGgRrpHB6Z7uISQocTMeRsjUALJ2mRrWr7noDUB2N-iEyWfLGIYr7jvSBzud6fKsapplqUeqnRxG4xiAgFL2B2TTd_52S1kLiNcQPR6nyxNgzh6QTWf5agbcJNh3LBzE2R35nFC-iIQpb3-_t_4T6dxu3OM3-vs3J2V1Mz0x2yzmSOcbAcT9hRYs5kHNuVgBOL3zzyk1y7yXX5mTQl-SE9EvpmJMPG_jfzYbJEMhGGqr9_008K_IMxkUq9-jz3c8STaaIB9gj2CSHP792VVghdr4ZSYY6MkfXKwr6QQs3Hg3R5v25AeiZTNWJ1bFuVTwuwSeoJugLk-OH2gF97uGjwPcZXxh0wFTAwGIAoCk1Dya7zfHrbXbXH4PvDkYWxMDjPxUA_x7R5dtVMPvISm027A4jmE3JBz7JfyYH8pKLCWy5yBPHZMtr4UiFsv5w-XSxv4FgRgnnfYFAUblq8qn8RrdZdtLPtu6eaddP9i73p0iCi1ecHi36WGvE4wzUlCVUjC5LU4QX7Ut5yDBCd7BeRKXS9GGr2jPvOqZ9QGq-AkpxOWZN_5otpOZpoFN8HXNkufI1qKYwxSzJmK20Vrvy4cw0kRXz2veB2LmZ0s5AydrEI2zbsC7DDb_JD1kRBpUw4fY03NH1P0S9e2JxVcs8By2E6CF1TMHOY8HdIEeSn0YsPOpf70JydLBoDIrlh3LIGhEkXmXQ8ctcrlRnLQ96hE_IITZXa4FDbnhp-IXRkTXuNdX5YHbT_pIp56FFKw-x2rGb7uY3peq-iwKo9sMPxGhilhUw4nfMliUFe4vpye95oT8JURcEBGaiQeXS6Zp29qLLtuPjseW16C9BSsHJcK86FBNT7LZPk1GJDE4rUkhl_ued4D6BUP3BDc6WzsEhNyob3ggPA8JW-E9h23e5VsMFSUpC4fC2Q2H4mw7aBqKknUCcuI7oH-gBZ1XfTFNp6ouQshp_Wvk7LuXVMF7cw6JaBZFNT-_A_3ESpo9nQnDXydwGfGLfoIZoYpXBtawrI4gjCVhjWZ7tlIne0M_4pEJGW2r7QE1iHxnf96tdHEfHZZv38CxipDgsCx2VrtizHIarW0CosITz2TGnCYz2-C2LnLQZv1RYRYGf_Tf2H1QzgxGCGWLPvw5mW3duB-DKNYUEPrg9kefd6Xld9Ib7bA7LJiASPwnfz1XX-QkYQ9CGgMIwBG1C0ydfa5icqttAgRGdHrtvLMPNf_hyUgL9wsrdFIFlmqyo7Mn1b_9ivFA5tbJT3SNUcS75Fgy6tzA1g5hDuL940vmnPfz1adLIvJqp9tiuANXHaTIge4K84OBnpUq9G-tVkbuDSVjK5FVrAmmj0zlm4WWTj1H9hEzSDZsTFuqc_p2MEOYswVUrzvQi3SVxM-ourSWudr_FF-tNahQP79Mxe10yp9kLhjnXTTEh6AVYG9AhaFH5wcC2Gx-YLULy5DrXpusDrueM7cZgGGh1BfIkAMVCy-2CM-xI36I0xHKQbaB_QAsZNLJr0o1f3fQ-unbyg5DR_XUzm3eGF35e_KlEA51MQ4aNy0khCFjV9kZgmxOoxWX38eDhab4yNc8R4CgiEvo_A1RixsNUPXEn-BB1VmKyL3n9pjfwmnKSEyxgkg6deGII3S4A2suJa3-7U9H1uKfmRMu9BJjakUdnbW5SIAn3IZkgYZLEUWB0d-cL-0mN1PJzu4OY8H9iVBxFJ3sG14-YEFr95AvYT2kVyvFWs550KJIMKvkofWjtPB2W_NSikLAak355AaK3sbUw3Uo0lmEuvS_o-CHCTB9wHwuitv3IBVH1TzY2Io_IbP3neHel0kc_J3mn0wGaV-AQ2dH7e-ZLWIoWIvAzt52W7Ix7d43Y_mFY-SKKhcIDRGLTH0cEZ2C8HgKhadOD2zWvArke63vHwKUH7wr-zIprmODmSeoVf-Aq__XrThfQAmsqyiCUKui0QV7iq-7nVWPaRpyOEbGXWLL1QhDmEDNr17oCW6mX1IHqpw8VN_S9cXGaYg67ghlPCeYTgNcAAqJsmSgqYMjH--emwNCWS_JXLu37ilM-ccVaNe3PkkdK-xlrYj16WA9KiYpHS8cGuG15Er6hpp8PlKaZCymhTI3gdnpp66rr0T7nJ9_4EqGlEw1kns2gUY01zbxcZXuo6Ez9lu8YpsD0jFN0HNHHwnqxGm-UL2x6kez46L_xeWrTmAHxWx7Ntq9SO6zh4R4c3Ckk1vGLeRQsVZkwl2tk3jIiXlGrY7tX3uHAudsnCtcWPrdvlvsGF0R8cxbpIBFkxqWKvHGhZVW5J74GR8xdKBYErf7iEotst67DNjyVm_hCF_uSZ_kXb1VyV5DtHIFucmArqO9XzdXJ9Hd774wS1cZYKMMukx_DO0swFAJOaqQ2GJcDNIPOK1m1hgfya_HITbT9zDcbI9oVNqU8xSxZOc6sDMJxlg1ODwAMjmOTjf35qLGmSlPmE98hLdjovhbgN2NKTy_Zc='),(5,5,_binary '-----BEGIN RSA PUBLIC KEY-----\nMIIBIjANBgkqhkiG9w0BAQEFAAOCAQ8AMIIBCgKCAQEA2A8l1ZClDlNHllUJd1ZQ\nNkF34iu/xplRwpWVjwmrqCtR/W+0y2BhnohHumdobpCwhpjOCHVCD3FkKtHg4IYN\nY5XwyfwjgAyOj0yd9Yte4au2lqRMHQhoF7rPdNskSC7kN7pvbiHy9MPqBw2GkL8T\nE/DFxJYjFw1+2FEC6pc7rFH2X64eng5cRzW38wgQ+9TaVHm/Moat5SLGM1uoNP9F\nFuN6EQuZULqmEyDybjv72uiKWVGl/o5fo3g95Q5Fqu45SRLh7LOZhDCLD+4Lfpc5\nEFdyU5Zo3gBs6PrBCltYow+udvBt6k4yXi7fM5dgoLgWzhRCjHlqf9bkAejw+Wgb\nPwIDAQAB\n-----END RSA PUBLIC KEY-----\n',_binary 'GsGwtQPZby6d_N8Z1fIPd0BAWX_f63P0WdW3YfuIasgCOUgFm4Pl9wi73mMaBnUQcIu3IqQP7hU8xJVQWJ3yvVMUQvKBL0obwQrOOKTLBhjYK0cW50neUi11kxeDxoq4Zl41C6AHftZtwq1CMa-4Db6DD9jy6987sNzGpV12X5pc1bjXyob7RKLfgmJByf5RQT8tlzlhECwvsgmeadWnCBVMoEZqMmV0jdQa2IEBRWzU1dK1HKkgbkoQAhQPkpuDR9r7R7_frdokaomAQDX7WyRY_ptlusEoQi7Ef6US9VK1yyHusRXZ511PfikwhOsaMtA-drBXZBLDPk73-EIDkmVQeUkf_REHPdEi_GX8t_kHIaxVebbUjtnHXpI-wAouLW4ztmTtxmq8ikop7HFVleVykd47pF10Kvned1rdusnLIe4HtrAV4sJDrJmzhylx59RU5b6s1vAPIm-ol728tYQL2UcY4Tp8AxFRCzOnfnYyTZm-6WZKF8uh0dhZ4lHzwi9opaX2zGbKHFWWcQwIkMXojuNP5veNw0z3YgisEbHspEG9T0R4tA7pK-SE6_0D_8W82bt20LQJ2oG7eAxwOvS59yZ8gR81vmwxpvSWJvdFxNFOKcuwXIWGPhWuB1A2XZlHX2phkV2WWW_4a7EfL_jXGvjedKvSvMRuyDpIXug2W2DgsFBqsx34JXjcQgyXaXhsUncHJqO2Mees7VIF8vQG8BM1nijpXiDI6UBvc8TG96KXH3-gmxgu9y3TDmq7w9ISZ1Y1eJPKbjAOzCORlxjcvcc0r-Bp5am3XzE-lfvg31xQ7YY01EIg4sAnB4feC9i82EU01EfMUbuyNx_lVlYqeVtMVECih_BbG_-CU6uB_sseDiyHoymBRpZhI14goMmfw8D5VUOw19xeC_z-cUNdysJYOadAbblUCk_W8Bkj2vr8r2TPkGQn5gch1kZ7OuCSFX9Gd4rQ5diG93zXB14NJZc55_eXwYaGBui474p7GOnFrprOLTPFLeehxYjTUFOUe6U3l11sBIewSAB5qvNkqegNTY3ELrHsiiMn7U87j4-N6mTObbW8FGWXKfGVKDq3FdGkmFdJxw1EkOjc7YLifp1lHMs_VB7B67WkaLv69e59LiX1WnsGb1wYgZlBHka26CDTeD0Vlp5Dj1iUALJieGy3ri9xImfd7LRDodz1DGHPUUvgjmoxP2gXcaap5ncoctzkBZ3jyO1p_A6i8lNIpLQEgWPQF-ouWh93u-5TBBwOzcOF31qM7nM0LWxNqrsj2Qgwb_kMuu6AJt0Ce08JMyOVG6Nbs74ukygYPKXDxEVUlSmnAN-cKtiLdCWvNp4l4-eoODikBdYsdjLZFbLe4sVI6g2ZjzKwNFOp5ChwO3ERvnoOIWlxryyEjN1-xyNiQs_22uN1sVeDS1XRDDF3SXIbVYt9nB0Me4ZyYSfumDF978iWxhbKrMX8aPqgMYsLd6f6T3ELHhjS3zV1djx0BEkqBRQeNBISTvYpVA_cVXfd8BWTi85ZvwoKXblGn_FTG790UpfcekE-ooF_YaT-iWn4I87hbFtna6nv5n09aazhQj3ahHINUfLTSoFxZ4kv0Z5kCsMkHhPZmANS0NirkdApJjNPcwSuSYwmva6dQvWSU6OatmRuX1v12H0NI9PiV6BzxPryTVX8j-KlY16paKM9F7b_YptjiPGhkEwj22soykBi-2ibcLGvaxYlZTH_Gcct7XOwEWFuvbKpnRNsDDFcMGJYUsE5Uh2rFYQld6Uc_kmKz67KSryU1mAF01ZQNqWMWPsUKF5ejsDQjD8ENWtcFLYvS_1ywXBt2xNiArHb0Fx7pyFkKIEO7CW3u1Tz1nXi3Y_SBzkb-YRe-qLSwm8Lz8OxfrUER1vVp0hlIWjP5rpoDxI-yf1429-bZhY-xdbYOh33immLR2PPSwrTens092AeisPUkvg2ndPSwzGzRmsnpWaL1fEvuFqv_4fR5a3kESlLtPGlGwrxliiQOoOJU-2W_ofrCZLTR_pCnqGIWc8dKmyKfudAiRS9OS3FvtAbJVRTR_L3u1w8cC5qPtwW7sj4HHWRmEUbQlU0pcYu99R_nKjqsfs1DcQA5TYnCz3aMsH545nhHlwTMz6_utxKPrd23sbJdZw35cePaAd7RW5iOvtjxJuXpnaTIkYjONbpqtzoHk8GWWrb-jp4Hz214f3YGS5tJXfXzMS-xCDJX-xxw0fQQOn9mWoZX0ua3y0-aS8YnbSwR8boyAJtFrAp9-zjmuHnKXmXV-gTeaK74XzdNhV9L1tt2DsrU40j9LCLVmuyXCT0D4ZAEmnpH4-jzQsdElwSdNvlTlyjj-RbklYnghrz5VJNTpLekjr9ZJKYiHHBuhjWrV53XpU4KyzkRHzeNC48v8j743bsSvuHCb9agzO7EDja_CNVyj2AUUKNlVl0ozjuVzzF6RjRA_BWUA7lOGarxo7QT5NCUJk_rSITIy3VivjXwlgDKJPfPtlNkWBGMHB74V1sHnz8PJB89iSzTOUbmBYkpHeziX1D9GGSYsC_aE_8S19DTDoWZzg6KmcJzhcEq1AcNRpZDOvJNiX4fn4kRwU9xhLK7we-w94sM95Y85W5CSNj3DwWX_0cAyux9lUJ8HsiAwNArSAapRzYy7CccWYu6mXrcxZOk84wuG5tFj89s2nr4A-NWql2bnkY1dlWBRRFFufCYqWtgAvqz3cjrykUnOhIdIn3_shQQrt9QI6wmL3G3Q2P8r-v-DaanXjWO9Xdk9DnUSXU-575hVHSzx9kZiVIiYprvUjyeizdKaU8sQUT1tghdMz0XdDt29jH9QbTy7Wt3q9RnLusiSOH15fbLRghI-LLDwCr78XN15Aa5hIxsNUgUepqHb6wgUZln5eHqvw-2Hjq2dqkbsvtqSScR-1bQKWW0Y59O_3ICSjhCCYQESw75KkFWF-5PGrj_e3E1F7wAvrv1bN71ze9EfXdEr_Y6t3HKGG0nNVV9N7gxab6'),(6,6,_binary '-----BEGIN RSA PUBLIC KEY-----\nMIIBIjANBgkqhkiG9w0BAQEFAAOCAQ8AMIIBCgKCAQEAyy8KS/0LtgNJh3Y7H+3p\nSOdFxTTRbMFdNAWjdIY0JmT8Ju3xVMG9opaO4uQD5USgO3sniWebsAmZTTyqkbTF\nlmMa+lVNpNMbg7jI/nE0dlGpUqrK/rr6s/KyKigDG2VIHsZYbHu+UFcip0aqkflF\nH1w+StpiEYy5nNTQTUvohtlbpFPRvWk2KQ2fFTZRyi/YzKkLeyjRpJQ+UQooeiuz\nyG4dlHymWSBs4aIKej0luAAxVAPWJlUc/e6mlESQD4EYgUvVZYP1mjmqh+Avuno9\nMTkEUnp6z6qI+u0aR27CPlboYzZpmmkcDzObOQcQGccqxhhkTP5++AQrctw3ple0\n4wIDAQAB\n-----END RSA PUBLIC KEY-----\n',_binary 'OoiL3ebou9V3_UVLiWTx2P_9-ZZ9Eb8oW4qLeV7mFRFO28iTnbcO_gFmfsW95GeMTyn1ryqYBI4Fd2CE_MfeLzVqotVz8tlaEOyjqo7Xo9smENgLeSLmbQFxuj1ODcVI2KSingQBPl0b95IcuDfWSaOC-ZfGEpSeWhxJgYpw_goP0Dh50miKe3AN8QpdvsFOvN4-uN8tWR0ArET4WOTOrLytN_KWF_kUH--hJQCs_OW0DIjdKGMP4ZmpVXY8dVk8UNhBSoliYQpK6d8lfLjw4UbcuNrq1F9DLrHOgWejKZCvTYD-uVCPWsC2rn5RilTwuk08X5X1ox3CcmgtAXOEnTqVqytTHcqfOT41NYlznDJilZz4Y22eeJKiFXpf8Fpn6hPvWIZIjNlpVJQctupJoqmCIaeXKSRPlkulS_NZ4rDTznP4vywXh-hPK3Kg_ysxma4SlmFLEtT76PDFZqz79j9n-joCfCRzkPSh3WJWCGOl_w9DTXFwXjqX85i6MrziYiwp6aO00bfncmQd_ZWFKozuFerGXHwabBBDUQRpQq4blpyRIu4TPhXqf4m61HcqCGJJjBLX1pKz8S5wsnmoDlKBO30pMaFOCz84PgpW3xqB2XWncnwL1fu-BYSY0qV_sFJx0HAH5wypa_psYmeA-3Idg8Yg06iQDV48S2qKntQ-zWA6dPMatp0sjZsstFHBzwqaxI_EtxD1GWldlyC080l2ys_d6pgndS6TABaNoQ87u34fOBldM8XoHFwkpYc2hJv8CPhC7F6XHMRiDTgAhkarDJDx_XgXKFqPkmT8FqQMg-p9JGimYfsRWWWbjcUyUHAYQ26nyJI_fgrHHoublSjU1xidJZQyZa8Xjqc7wDnWuzw3D89_SFQQWQpC8K3ppeLvX4TeZKbnzfL3dCyNJfrDzSrDyRXVJPTz6J41TUtA9A1crADqaUcNuqoYGYKcmgGxadIdNtVgIRBEb7b_tB48vjZ2qxLb5XIK1ozTnB-puuKTw4lFk4qyQoIoRzeEDdNZGycICrXgF4NanAhAfDyehcp1yPviwdyoeSSaH34EKcFFa16b1_8Thb6LTRAFU3T4PWIbsCqHUtmH1RSq2PgtWHsUP06BkbBOToUIZ5fgVFUZISDUInGjoZn9EtK_hadpkxKszaIZvUA1BrCz7PoVqP0-KT2rbfOg1EDdA5-VqWWcHIf7mOR_nIiOoPWTEdUksk8i0naQ6dK7V0Lytt1UO-ZqkCbydGhgulBJ42e_8HJhH5I1YQ-GA2ypYXLTbtIFUWO5XHh-fk0eOYvPwcShJWBk8TZrQ228ry5bvy0qhKEmkSWLkFVS8X_YPx1D68NljT0fXeR6p-RAOWb7Xt4RRg8mDZc5Bk45bh4-_ikej2qyzH_T-5iRJjh_n8lm96IzsYYqEW8cprDwKGC4yS7swRdx72xMIPsFVHWexoifEGkyrZROed38enpy2kTdzemvOV5r0lblOajmjrwG-Sst9DvBblh940gFbAo_lRg9_-LO6_5NiOY1KNeAqTFMlJxSnwk6wvV6aQY31Y6GQoZIw6KVBgYUjyuqtOLBbb4xIvHp6EpfkLM3yv_4aoE3dvEG8Xi5olqLkwI7_ynQS4XcQwHRfk7zK74PPGqKHSatpQvJ8VEsZCHoM_HViSX_Q7GQ_sxqn8e9k05VJ2WsQ8DzCMwNa8OaCVWeS18kw4ptO2Zcvzp7XaIe4FB2JnBfDNUTb05j6-RjuTjoF8fEgIXIBjWHE4C9r2qxFlVLyhJfaFOWMwykuVWVsw9SM1mbI9l9iSuf-Eqnhbps1-1V0fs5-vCL6M2DlWDQcEQ2yYp_QFV8shFN81YSNhWVdGwfmEy34mSNCmOdj3cFvm9NRhsOfWGCiJYsqOsSvQnacjcWIDywzwC1DVoTbO1NPnpKbe2nwiMBKZERrWgNJl1EsJX-0AJGsPj2QtzKT5ou_vXF_St-CrdmrIl4hMPet2JMWuiIl2qj3f3q6idmakmvZCdBefVQh1q6b8sQwBf3hhAEy0veKHFBWIuE-Yca7AteKvwrtsOKvzlUyNLNr-_KebAmSppHT79EVZt8JmcebFwoA1Zb1L4xAkujaknZZAudzseuHVgl4JL0Lo1GSwNCIEFJEvLhS0EUBurTVlYYCIwNbCOYEhrBgdozdbHTb18hXk6dMIu2rTlZKn7YKLGplcYZhL8d7OV1GDlqDg88nBj_hpEZQNTq44HrbsC_Yse1rOzHM_Z2aFslVN34iVnD-r_bf_We4Nbgrl1GV-39cknVERktPc4WRAQyXJsLqApGl-cSh8GH2yTbMe0PUNXDMCuYjBOX6Owa6IOPgiql7_IfWlTD_aLWewCy1ka5679JCz7ewaKR0jocFR3RvAZNPPyyhooeAo9s1-mH-BLgC52Euifdv2w1SQrxV6UfaNYCm0iM9d8TeGi1atYElyl27Cw-Z18xyK6UD-B1FqZpOOewjV7FV_tmi9KT-IK40Y9cJS2X-672XUCZ4Cm0a993alVCO6s7YXMyxOj1pUNbTLVEGYM2g4mbvoVcYGSFxMoFbyLcZflNUHiAjwie9OqDi4FA0Ij8HTZgfAAcZafmygXCE9oO_0cz6rAimfJz3X4IAiqClg3Go3mL1V02yOhaQ9_5B-6Iz3n5VhQFjAdPncP3S6qqyA9p9eeoG2edYnv_uH419dZW1Yx6_x01E9l1gZC9sdQX5yu__IUVPEdYOGEqT6W54GClm5behDGMnJ5UOdujsclCwUoVMYwyieIz6EGggQD_Gc_PMCV0QeouvLT3dd2TrQPKU2be4-XkegB2V0cqTJkbQJF_VOmb3_l6z3T2Vbplres7q6pdkYXOfq_6wFGdx_0iq_gaY3pdxRNLrxvVbZoKMRIwrz87thMbAAJqL4jbWozlPAzRTwgrUc6f10cq_bNTHVBATTghccIUwkmJlm5CBk995BUaeu1kCI_GPUV_4JeiyTuggt5ueRy2_1rXIjv9Vo6ZY8Y='),(7,7,_binary '-----BEGIN RSA PUBLIC KEY-----\nMIIBIjANBgkqhkiG9w0BAQEFAAOCAQ8AMIIBCgKCAQEA27Qzkxu0LHR22myU0t35\n/B+w1rFbf7EkjFXCkwpF/nNJru0Wdu5c41gMpCfUcKUKCB2j1wvBzDpKJr4lUn4Q\nSCTiVYqjrj/hssTonNwNKou1PuS5mJIWKQJsDaBjEESrfG9CptDOUZ9MyjdmxNRD\nMDXXC5//rmMeZtOFGOtjp/aAa2ww8tjyfcguYUl2rG0UVb79q8Vkc32c32GXABQo\nGndK/+JBp0+Qju+/40VecYTVL7FiNXCDSzEwSOilNcMYlKDiq7AzYYW7WoNtr1oo\nIuKCVL3jnNxLeEW7a9MDs7ytJLPxt0sLcyABeAYC3j6bXBB8jOpArGUSScHr2MK6\njQIDAQAB\n-----END RSA PUBLIC KEY-----\n',_binary 'c1Zg-t3fvORi_niiQGWn0d3_ypL2qsU3XZeDS4BiPSPp15h2xbxpstL227cqt71wizbO9sELfeiesHzptH3a-kR8WfNRE0elLsHmR19xMxNn48-O3eHxMfeSujettIOlpo9Y57bOYvkNAXU3oc6Cr_IWdCB9t5mGXoJtdH7oIj_3FOxaQr4gMHQC_r7FiZ3Ync2WJ-Yo6kWZwnE7njWn16vX_12N910XNFytFyKIusyrqSPLzvfwAn8CYQ9vJ3l20320zCOOXPNPJOAr9ww50Dhnmx2QYLrf1UDmOOU0Fv-cO9Eyb3qTA7eo9mJPvz0o0z72auSuyPuq_UmVfD8h3TV7D2J3E6Bt8MHRPmcCSp3WPvXMCLGRYzd1opKznTD5yz6SUNQVHyRtPnSN4vuzbFvLEMKMyTW7uTHT0WTBXKtLrompj8kTnzs410YnUUnKrkzagmyWmgh_wuAmJl6w6FpCkgPGtqe1MXkf7NB2iTrulQj60CPBstQSuDIPl0OI-2_EefpleZClK4Gi4bcfspgejGr7NsdV_riMMzwNVIjSIelUBMDzrsRznqMcZ9_PKzF96Vj0Zbcs7RcsS-IkYzbC2zmyaxeHbkbddr2r23CHW6FLhIg-9pCxjP9fkmzh0iCKd0Pni6YqK5RBNfEC1p-h2gXf4VkIKgGZ3lvs7QHH5A0H-Kwau3E4Z54OnLO_857XCOm4yNjQGWFGOB9L6izY1TDMk9yHVUsquhwY2Xh30RxuJMoq94mAfu2R91DtECxqLEHfTZHvYGxuPpYNaRb-7Ky1VlkQd51P63kotvrNxplTdxpL5Zla4vpjCvevQNrpSDY4DmzJ685-cpxeyxvl6Wqc5InAGTLZE71XO5Vfx0l98OvoOCx8RayUN2lReMZJnINFc8DdsmqChhmfLuLTXhOL_lRiGy9NsLW3SwUH5bPGwn_iJyBtrV4JYCmeYE-hu3OKoHeJmVmxnXvCRfuXBj8GmDsNhIhygEuLCqbdIq-B1B2lVHtrMnR0Myuq6n84ZF9TSeB65EaMZ-YIiF6GCtz7DW175AbSe4zMJOMJwXrxJ6ZI2iW6bUHaGNqk8YRzJk1WIVFWpg3lVhYxxUA5Zh2hHsWJjYRSEtjt1BWeQS0qu58chSzlpR0MJ8sK4CW6_0bcgNWm6-Y4zShBo6KhOsjtJGuFYHBJR2wWMRMzVh3SWNsJnqmiNkad8DXM7zjZoS5-6VP0MzV4kZdubHDSrhE2u3qWonAjml3GB1xw683ZibmoxWa5waN-Gtu2KSRF_USeE30jg1vXsskjw8h6Ic77MQiiTY8Eql323nbuy-akbBrNlQBI-rh4cea6qltuH5mXhS1YBAHVqWeUdh41G-L12KpPvzM-lofg2KHOOm6Ee_3dTsHRGdpnSLT3T4tEEEMzBIvg1I6l-IB6pX5GC9hQjqGwDBko5n0Pr8LalHjTFu_vRJxXJ4RA3g1DIJAvQB1s7olFHNXPr4vOyevQKFS8s-c1BVJzdIlcXq0JMhk1fU3RPezEvt6VOjhWjZyk-vGwmxQLbsNbiOYVIHabY3wIw_yML1VqNJNEl5qy1s7_ADtFtBK0TodydjTECN4B4skoCvoMv_J7mnMqk_IrjmCVZKC3VN3M6qa_sfAZfEsDTe0YNm-BsoxE6P4WG7a3B6lIrFAmDu-qJ1jICC89eAqvChVSriFI-B5QzT-GyKWdnADkHArOL91e3N6GN6Cx1D-ikwgvigcrVDbiZ42sEak5nUdPpzYLS6Ua8wzmh9QM5Wn6vx6LBbsOk4uEzymflW7UHpUfoiKZ3_NCM9ucGMKmOOuT50bJsWf0dD93PJB3j8hxAp2QjlEQTVIkPLpw7BFt02omKGe7sZGKsI1-U3YdpPF_xz42xzkTKuJ3vgk0o3peaRV5CmR7XBjKW_OohhYowhS01AD82QV_nLWSPeTho-MK1jggdibTNN9K4HdT-WM-eUMHygCpREotxo2AykHyb5c0a0vFoisPjWwry3sC0aJ9NpBbhcRdIiXQjXj6TrIakjM7t1FwF5GSc22UtdFSs2Bcg4KjBGOA8ErPaY2tnxa48-XWNasPBcqIUERnTJWTuCjiysJn0UYSruQcCphw32OMSuvULxIN1-dJ7nGRBDx1MvhlXCH813q0_5Dc00MC0p0yvMyTAvehvsSbSpvn-Xg4MRSjPN4gCLjOXUadcvB29H4IhPLszvRwVVrGvzea-imStR0DGPeWqomogLXC8FfSfX7DnNfhW8u-cLsqdFcBH4MpR1Dlx8UX1wCu9-xC8kRQOB2ztfZmzMGc3fSv2pe3DgFebG70_jt554PxkxOwxzAI0hN0gSsJ6_HCAKIsMkdTuocNb9Nb8c-RUl5UjeWmEYOY8aOLH146XLZBW1_sWPMFbMm7HraTDicevUxmSeySvHShDp8xJxxrYAqVBxrkarxFsnKFDA0-9pC60vT85VHP-ssDqNAyi0rbcfN9p6SB_5Jsl_pm68Do3zB-fAZ5ShqnJZVpUhVVuygT-kiXqsnz_FBKNZQk84uZ70awWSGRH6Cy01iioN9feDYlaqRMmDWBwUnMRpcBUn-7jDIKEyIx76DdDIOAfYap3T7WsZ4cez7osCDDwMHop1kZe_WqNcLTS0jv-KnCju3jchMD4__15jGRkWCwEHYC8CdQeMdna8KuBgHqUM5jBl0ttMhmjZQdyb7SCXIL1uWu2S8Uep_YPYjU6OcyR_XiAqe0cUZod48CEZsJd9ZL8b3QcThKVwPSVmoYJ3nF9JzJmWf7uDBaxHiYfFlFF9pOdnGPZhsXlgC5IyK7YepTVZQ9eZu6uC3gk1NV2q02fTeByneTKPE4G-5v9D4g2lQJ0RfAKmekefgrT-4MBmPCfCThJ_Eo18VBot_g1sqZ1SBi8tx_rbSzrL5PEcWKZ8ZngmgpbPAvsY8h-PsxvIkHqlb78m_ate1N6U1sx5mfcHWLkA-ewBDXCqRMPMBJ4vDXBCCR-gfcHZQ='),(8,8,_binary '-----BEGIN RSA PUBLIC KEY-----\nMIIBIjANBgkqhkiG9w0BAQEFAAOCAQ8AMIIBCgKCAQEApa4ILJbUqKmR282o2W12\nfk7cXsEd9KfIkIysQjQclACH26/dANvvi/FCiXMiBQNCsQlsSeoGcw68GFlNXWoH\nFs3KgdsP+WJJgTKgjFvn+wMADxJ6pa6a4+2qN5ibf8cCcl5dPpG9RFzs8AXX9w3E\noWnz0XohwJMC3TFGORhW1A8wJXKMtDfMS2ua53Yhq+mcueI/xgYA7tgTfmuoGQD3\nriLConK5yShX2ZNjhHL0wVKmfI7AnHKXBEW9MwT6y8XfPpWv/aw6gxy8II5efPMy\n9+yYhkZpUpOCH4HlUPdobOermOzJX7NxvDP2EgkYcQZ7HcoHNL/n3yTUbCTx6CJu\nlwIDAQAB\n-----END RSA PUBLIC KEY-----\n',_binary 'YQwgAge_2I6HvWojXSWE3z5FAwFPhn8-xB8fsEWYXMY2h8MC5WuEgPo20j_JIaS_GLBaR6XXe1d_zT6rQ9sbSuckLNgIwNbVb3FgNwlU-kfnMnJnlikSUPSEnpveT3ZPsG6wsWOWuZTy6QTFQrEZ2W43a-VK7HTGI6pVMs0vdtxR8dFqxL8bwyemrX10BcY7OmzdWFG3bQJWC9N0dPxWsLMr_sVkLGU_0hwxPlIHcJjENM0kIYrHICk4kz2lgZN4_UBvZo9d28cBObFRjh_y4-9xfmcMMCI1BTlci7u6v-yLh7y-bZzZz_2kMXxlZT4MFQHfYu3R_UiTNwiMvIl3zQzUufIE4C1gECIdMAwdFdUOeW8OD43VUAhWNn3nHR2PaQp-BBA0mloxyr7tRbhgYR4ofY-acKRp6zNoac2rVjn8K9CKoSUR_R0YUqcQ96Nt5HliDQEdPpX6no-7uQj0F3EgOs7SoVA7H4EH17gIqL6B_8Io9zZf6ntOY_mRFZ16fxD3jOa6hYHyKDDp_JJxQ97qGdH17OXkYBHz5TwKzCfsEH0ugdXoegmw5oqdkZ_ust-ADbF0Rxf_9DFTT5Kd-lXjsb-05ffuV7U3DbZoVIJvxJT6ovjR-jItcUUeZtWIcnw8dyZH4V8PN0gOqWSRTtpxCwtheoyBKctgBV4z0xBbwY3rGRhBKbdPm0dqB2Ze8lOBnNaRcyT6puFK479dGtXfuO3tkQ_lQIUm7IOH9CAF1vzX6kVsr2wMNgS5YrlQoaQuROgi700MF3tmjflu2rHn5nevlKoEmaCzWYvASl5k9acwAfDpAR3MeWX_C2NYhh2s36MhGNpSlm02vE6FUgdG_l7Ot8sbJcBOKU6uXwNO3YrSNPMmR3eR048VKlIWSiTPkIX8n3_0Rnlme6DkIA0z67OFbeWFvy9qnIXEbUjXsCv-kCsYKGAGucXLp1TkwhXMli8sXadzudSqzgZ-y_4uwggCbyZLCohUmKxEPNBXYGURMozvg4c_AfeKsf2XeZHaPEnuPsRvdEsNixCwbUMGu-uavRJTSyqT0gCZPddJFR_deImV2e67xsTAgMOfWY3cU4DGsv_SCiAacbcknvw3YskrJcTAk-0GkYi8NINjmsjvL3JP8wLOrQ5_qocYWnIAsgqKriip_eCQHYsAfmrLjBWK0wU7NHa2u4wPhJGxe-Zx93Rep8p8b_EsJ3HgiJjsG7Gg6nUY-xrefmapdHOGJY8OKHW5SGooouPPwLXesA3Z8-7iKM_YK7Rkpe1jxMQ1rv-WdMUhIoY26G6VQzsabTHw0YPRKEjoyFpInYSibYj1G4Vqdf9bOcOmh2646gQ0WAzOemcdI9D9D9TRvXxgXx_9l3TbdlYaaDDwg2b1gHIN9yuMpTD17ta6AoRLhjvqYcYhShfrL1mZ4o9K6QkJx-1KirXd2birUV1TZt-caYlZkJqn4WrX2vDJmMegqGsxwSQAoVNohs97MVgIV5lJCFEnFHR4ElPE9SpTOdo1yqUukmQT3IZ33YDvmMSUmNCkHQO7YTx-YWYRkBTWyRMbSrqCJMPJJCg8_7CY9x4iQnhcbEcQE9jOX24KUv-Dm29Nn0I7R-0lV7CjP6OXzZD9BWM3B22-rFUbpoURBIsaiGmmwmwAFKXMekyb8q4chnLyoCPAi0a6ehyaUVUKmwwCjR9OvEAqbr4LU1UVOaQF6iHtv9bOL0P-HbVrZ_mz9-hQFqLNf8vq2HYBSbHj3HyIyRXRQzjVbJqGdP3lryCRKkSXGbE8SjmMCqKjLbl9WreRsGgxeKphUBb3j3zKuJUqxLfe_0df-FdQcynVtNPi_a2LRDOHyfIp2MdhMuvlFnDyFQHbWW0rsHN8m_rjARguGEeoMaPkjleREZHY7f_sGB8EWsjcpHsfaypZ6e3jVBQECvzlR3Ekv1_d_W7lRAT06zchl7IgiuHeEuqL44DDwzHmhbeHxRUdXQ4yFRAO9RYGe8WBKBFdXEuN36eAmB7gJULe_ByxTxOuT2c30aoI2QIk2cV_NYH8CS9Zq9siAhlfX9aZs_dG-wr2qU-8mg3qhRIt6KNH3N32AOChuyUK9i2kVISrrIt6u66yTtd7I-xaEkF26RyHwi0RKGCHWt1V78unfAUAJqDhKAwApxOXnI0EndFvqFUbWqNKWRH1Mqu4n3LWVBZZ7inMQ0ZGJfi9aLoEVPTwl8FMMRLG6rEt6iiOpO6pc2MY1JjkS6ZsmdX8ibDm3eZWX2euKqcqzEiaiKrJ3jrlkdHudVVDTZHjn2cP9sNF_BB3m01jVsV8kWSBoyTmxGat5kRVA4su0-aJU9moCzZvc8NiJ7NymWRY6KFEJ3SuiK9nPxDN7OXFbvR8WUVJ0k-B2XnuNK_BtDNOye3CMbi3sw-OF1oJRyK31wzwg6yKunnfmi3pYi2BFjN57dC4C0_HzvKVKV-iUrTIPcdd6UxcHk9sSzeKGMZbsNKqeT7-m0l_jKnfC3LPZsXcHHiI_IdC03nsOfIz7XBrISs_UNGt_feEIBkk95z-aK86bAClfE98SN2h6pa12y_INSOf8nEZZ08w3igbThkZI3xh7OUgoVs9KrWjEwloIQcpD-8qDNQdEWQeY6qE789puiCS3VxU9iBEZJh4rlrYDgD5hJKb6KZpr3RfEc8nhwqlPG8tzIT7X8N8XX277FWl_25YEZYNOSLJcW7p1e0wfxka_q4P8ptI6CKOztxxHgex6I-VqroTJFrGMk84n0hjeBqDVbRPpqHiaVla2uJYlS_9Ynv7oo6gt6taa8Aw3W9Oo1SotEiOkVQ53jZXxWAiN-GE5fIBwVe5Cs0ChTsa7rkTLvp1hwdcjybsWHv9j5783NQR4J7wJNdH78daTpq1W3O8XCS1gu5R4eOz9voul9DykmKiD-pjV8ocJDXHJM4eHE8LKwTf1ueYsfcDWAo-K3Ld1E66n2H6kNLCJxE2wYVKN8SrMV9_X7FTcDQtsOVKT5Y_6wRWlcI='),(9,9,_binary '-----BEGIN RSA PUBLIC KEY-----\nMIIBIjANBgkqhkiG9w0BAQEFAAOCAQ8AMIIBCgKCAQEArvnttZBwneCFkLYGfYR+\n5OxN8NWmqKlLtyEZziIZEquYSXwdk8/gha/sB4VOhp0iDc84LdBSFTAA6kfSNYhp\nxCaMEZgmfdxVP9cLmYqv1sS7yybr0O5+OgIvnGBvBf7jm/UEwkalmHdChw4BtqAg\ncM9ZbnghbKMv17xq7gpzEC4jksDB6B0+WeX+yxUP9DicjDC1PX7Oo+qO66SJCo/+\nDbGl2EcCJW3rkk4XparRMaG6+pWyxeaulo2VxCXx/kbiYqnz/iv1hJwDbT9ThqU3\ntFvaVzFFNaDr6Lj6LMsUOXb6YjmLErAMx/dXkG4o4MmzxqLt2FbXP4EuDqo9eHwT\nxQIDAQAB\n-----END RSA PUBLIC KEY-----\n',_binary 'jNMKWDiaOB_54P7IVMVRZ5EOSUlmjUC2_4r4AqK-3faRl9lX1rm_8ydfpHpW8dy87yICaqga5djtbYAMB1UD1wx9STZO4MdNpBay-LtPHmr8_fbxH7ktQ7SS-Iv9Wgc7NtdTijlgWs3YHvpFDubtmeYc11tTZ-9qicLZwkd8SBWrxL4y0u8ipDVd3rsNX3338l8CMDz_VHnFt8aS7ctlN2zDJl_UPRmmFX6ZE0QZOpVpwg_LYJwmDb9h6NjgtHukKyVLYSCQUdhjDbdFc3I9vSX81rmWmIahEMawHpLRdfn5dpS6o1ZylENvr6Rr1Na-nLVgsZ1FyjzcfVVVhawjQnJuO6uHHTdUiaWiLn7y5S7tYk0a7OmtN2PB5CiKMcfWKjks74LwWFh-PbZgY3-wJyh1-pd5mRa42f2JbS7t-S-N_2qZShvX3iO8VuCxEAWmIQOLwXslfbncbhmz-uok63N68AAh_UZNP4DU0mbmKTi_EHD8GnlMshR71kYLtUsjB36ju_xL1e_3ywhRxjbTVPMg0mHw3eQ88Lg2oDIhm_DVZIOJiIIHx5lVE-MK1vSo0AaD-LVdZfzqrAjy7y7gAq69_nTUq_iT-WihKzku-gkuIGJjNHj46QZWQqL7JJS5M40dKKSEtdVJnh8IMuyG3YPRQkMTTPnLkjIqlJdmc5YK-c38jXONqqmTzGwC47MqlJ6-KbAaANpyLebAAdXTz9rrE_IGR1m-Z3oMPDXNl-jlJ-Lcz5VBZd_m-tLPNQ76TH3NtlIC1Hh9QG7tVKpKFc9ihdMSmkV_cHZR0kTSihtuA0-ySYKyR_MX3jUpJBRgIQ2_I9BQggE4uqbHfu1YrDC3pPCYfXTxAbCMehDoPvoH-63F0GDUDOn-UmFw-GR2A69WdnNXss7P2NkKuIIEjForGkQA1r5JP6Asau1JcDRN9C1PKA-4uzoj-5rzgdcE2AnzWVazhEtoagsvUb_MsD8hg0IEZ-KyzB48DLaIP0Ol0nLrQjFv4cdcvvADNdjL2GyGeVY_U2KeoRsgNzNIeW_5UiRsCL2Tpstq6H0XGPRIjnKD0KXpDiSxTt4CuiAKVg5jJdkBYbvfmsigm8mGx83dqnCmdxlwdOox-UjB-LsuJhC-e18297wLFvAvFWOR2IBgRc2TyzyfZFuiM4Qb7GEpWSnBIYyvY9KUOxPn7DcUoGRqucxmoPj47noZsKfMevk-EBhXP_AU6oAHSrl1PpFGwQDagwu4Lf4X1EvdMoREisxe34V1qP4nNuohvUkiYi8m1SNGB8kZTUfmjpXinJlRwuj_F1l8QZuzaw4uTT81nympO8MjdrpMDCVQYbXjo3S_ugEPHaDpc_iZo0IOtppTGo4EZdYjAWvW4WVNStHprSAvh_MGbMUBeyqqQWUhgIvBleUY7KcAomKMFFo5E6q571oRqQlUUGuvZ-L110BsNCmCLpstcDDGFIyiAnqiN3uWhYs5K0bsYZRyw2xy7d5DYJJmiRxcPfWizZy-Gqho1Gzo1MYPTWpwBhCwFois9Qiwhr_XqwkHti6Ik7QJHXT2h0YQBmygTPYWv1uUSVza_VXaAGsqA0xmvKbufRI4Su5Fpzoql-eWax9Ifevj2uAFP1ehkIZo0IkaLlFtmhOC4ZQlzYjybKe-0WzFTIFdXnsP6doUfahzidWvJeC3qgIfuS7xbyBqxTGO-OCIRGxHqsTV5Jv2-QmFpygSnjeeu2ebjAaDDdp2_ItrU2udMtntJjRwzMQ8rCOzJxrHcQLXZ5M0rdeRxgltGpQ--zxmbFCmeGM6j9y_t6FXF3S1yQr9TCFAcrTEXAqmYc3JKR2-IE5N4mcSp3y0M2HLMdQusFdYZHw2sCpTkCASZLtyGhLXmXGIsNhh0PP9XJhwgjTI0KJ9WumvmV4naAsgOJR-Z5AiV-qgcYsfVf8eMVjOhgCa0mxhinvsqTp42XLV0DfMTJ5k4ddBSdbyHwkroBto6HQm2wc5cuRDHR3TkreZy7tsjgeLddlwWrjysRtrY99ulGtI-yPQxeFKZQLKOQXp74Kgx0wqPf9WP8w5xvtvstkRIMus2xXLKfOfo2IT1vAsq8etFfxn5ygNe8bpEK01lhFEpDEAizKgpiVlfhQJZDSEaGvQasnXhgkfnJtxjUuKooMeHzb2Vu5qWnvpQ8F93JdFtwE9yu8IuboLpTni-95akilsTHEizuZx_XXoKNzKoRId8MPbJ0Xckpo7OHMjobHocQxm8tM7_CW3kiHWZbWhl5ZIcD6EN1OJGpdPtW2oGpCeV7VL7lVAI8MJXrdmpXfwsm3i66pFcRzxdHLMKBnDpfHwg_UIa0tjeEDh27IV892ZklW_nS77pTdwGIXcBiG0h_uigGLuXhjSgALLKDTfweo_Ms_4mwY4w6pDRQpuQ23HfsWSf8YCDXqiWFygMVL6zFMNrg20PT3cKSuSTXf_5JaI-3xSfe-gSEMUqxpn0jXe55dnjs9woCQr0aOJ4tiWWvFvWemzPhugILI1KkuBA-FZswB-OusP2NdbP0TQeYdth4_bzGkzGe1Qngb3WVJ20y2Bs3HbRCFL9P1WIWrgoV9fR3RsvQe_T-jNiVLSF7UNlNiJUl34mXP03gvyzEgir2rg1sK1NmPdOYo-lMjr6qg9uDcZeFOo92UttXC4xqG0130lL3QonxmJ-FVfJcFaIJ8epKwboJdnCCmKDJ0CtskC2_gSj4Abud_bRK_zOrMu_Kau9_OcluIES6Q9w3XOFZvV3pPXlhQCre1I2xu7nvA4orCduVgmd-MSHlsrOFb9gfyLCq6mp0jaFNAbMT2YYbauD-BzXNS2KnJFo4hva0cPVU9T12-3p13ylH1iddlJlTcK_vpcliGTf5tD4z4OwxgBK9frT95jl6EsxHJ39rDI0iKRrIdBX54Rgx0KErZq4O82psSqn6ngpDqshOifFih2Ljwf43vJva00Cyn6LFfK4VGXxs5XLV6h_aACZTTe3HYU7fkWrGaYEa8r'),(10,10,_binary '-----BEGIN RSA PUBLIC KEY-----\nMIIBIjANBgkqhkiG9w0BAQEFAAOCAQ8AMIIBCgKCAQEAp6hNUpEETJC/AKT3pGVS\n/BWvS83VyWe2IkMqGVeSvnJUQYqvMCF1N67C5RBJhrZV9AFZ0Rjl9ZeTk68CuOaC\n6gzajmMWXXmoio5/2jZcQt9mh3nKZCN6LRu9oKXPSAiZoeoqEgirEau85DxjdBMm\nvXTVG7WY1Kn8m2qcTTU07WpPa74R3l+kwb1MjFFEiAWSQZfhiPV1JGapfQ7RDMPw\noE/uyVyJgqGjAV7+nzKpgIvsqIHb0oz0CthpOrG1Zu3zqK1ZTxeqFPRAKM33BA4P\n4/kkiXPriilYgBCDPsDjzCD9/KEpS0kApN8HmbwKbMifZ5MriWOJt3iUixdTAbKi\nRwIDAQAB\n-----END RSA PUBLIC KEY-----\n',_binary 'KwrF2Ep3wcF-s5r4-KCwtLlMqeShXWdTB7PZJSgcDXOgGU1z7Z_VLEcFa_CVSSQcUHkj_L4xnpAVM6oKk00Wq3sTtHvNbz-PzK6seR6tfwkaDYkHg2DSLdWkwDWHob88ISs3E2N9n0VOar6CJtx1pIFGgs3hydSnKthXRIB7PrF6hjtLkkajUDHNMXfSMmDOJH1Vrxu8ne4FExIMXK3VM0uaywixi5gn0d1wbPB2CSqNRI-P2VImGmphiWAH3yuTPpzLRsvTWlf9XWEP9-TM1PPH55gAbTeRbFKq6pXHBxnPQcRR79oIv2g21WFjH8jGVIuT-Tmv1yMY5L8Tyhyg0SBm9XUTB3tgqPNWKW4GtvRN0Bp2ipmBUBT68GIMrZyinW5V4y-XWw2pGTh2plp7WozCTiE2zoCHRniG3S8v5rHLVvvldcqYVxX7oa0K5q1C4l0o3yB6g3I6rrBT6PnVMZc8O6bGt33zlXV9pLaXhLogUyOlJZa2qfD8hP_X2MctKxJP3lcIaH2iMWtbJ01y5uPZ1lcmAdAOYAESfUh0hoxQ1zeQ1dr6Njqu0F7REW_MKXt1hhKSCcT6cvDiu9WPeDwt_7Wu7-g_a14mcyZ_AnZE27vSylzqAF3IE_uMOqxf-5pcuvr8978Drrc9HDBRVl0BPgBAh4VBBp-fRmf9sz0qXjdNWuCyICPeFvDZozWgN_jrocpQLPo8XX1RvpJNB2ESg4AoqGPdmiiDi3x4KwwgFDxBAMcHhFhBYvgKXlq9eJW9UTTieuP8Vw7QGf5lneqinCSPwvk_Ac2VcrMNa0zPomAk-Zyb6v7Ef8xAAD7OLDLXefCLRJ0YQIBSwFqnEbE56L4RWt6BHjsQrjxmXhlLn4lfVTAA0wvDT--XWeSifKG8p7Si0bwPtoQrt3mVTTHfnRk3jn-WkAm0xk15ulNWE95_apw2M8YF05by9z-zS85EDydJ2yt3_JMP5BjARqWjUqJR_3njCRiCKGaj0SNhbobFZVWHdawa0-t_-YD8at3hwvRXk_6fws04-i0bKaMCY4frsR_jK4sQGftbsw03CEn5m35EhlJV3EtkseofM8PTfXSFum9Cb_LnkysW2hrO8kiK4Ep4TtxYx7Kcqck9Y7NrRviSVTJ5NmFdeJVAy1EP95tgYEa5QUiSKwq4Te8208swowncEtdnECKeOzg89C7gczvgaqSFvT577-k6lQjjr0FeRIM_grAqVAYJcq1XCmuJkCz0rE8oQeYFwTYkzhEgU4WHZyDj8B-kKKSxkgH4LmTFaUOGbxGen9CR25XYCqWyRFi8KEl8Ocg0PQrkYotu_aTkWBItbLfP1fDB9zV6tFTn929pIfs7MK8GZ88qPBQ4saR_qI71ilKkkTxk__qcMJqezNe5SfGC7qaexJbnw_hh6gxpUsNbysqafyAPh55T_V6hQ8oz0ZwXUv4GuIvRkk9H3MbA5BVcA-Ewh_2IL4U2nTI1qvFagrghNp8b1lHLC-LQd-hO6Ju9t0wnaBQ-7JTDT2LUYVx8iX8GNuhhA6jUaaRuVp5gHGn6NC_d6AISOSgETjsJQmH9IFbnoe6N_OMg3NN4dQsbID8sVGCy8IgAcQO73YvDujHITEyyhEV_7i_4mUy0A8Q5ELYQECeQ9VDLwEk7NB2fTAwBO3zcW-W8pmw_RJBC5A1FUAhfzNuWMmSF1rOWPDD_FFm9ORLf58S2ZT_yNXjlfr8RiKM7KicMojD0dFf2HaM6GAbfrG2bw4Z3laIspvqNKFUUHhrfI9VZeP0GvvFzRZpy4ubnIHgTgwLIDn_NKppF7suzgxgjqGEnkpYabqUltw3hwxNwKIU-UjNQwP23_6taT202LUuXjHuZyKA3KELJhD-peAbwf7Y9KoNppHkBu_JLss4fkaarMSYRHHn_CYDcC436N8BLlZ6QFucJ8VILyMnqCMstKwl1l4kLxrUvd52IRqzgJxq5_Tqr2rc9zCyFCWc_I-n1croTdaWls_GyXzJ8CjBPpTr2HNFEQkOBuZyUpFb_mlwhk4dBx2lm70Yt2cVY2EuDCEUWhnx0nZlUohl7oUaXXxcUrIJtIyEuxOtzxLl5G1VQG7zqJYb5PoR61BOtWgYi2R8PEIjdfbXo0KcmEJzkZy9-Ps_JX16T-1xyKRofZqb2vgua3sUaPBec3L10qLcgc0S-r0nmVvZO40OJku3f_QpfeHRf7qjLP5_gt9TSB2IS_0mj2HfAPGDN37NR4nAJaZmypd3egc1XsQdRGzgh-Xj72eYHtNifdNJtek2-yccIYh2XoE5r9HiBTTtFDEnhysEfGSYyAHgGsRzG3zZHMu47DrKf21_DnTv-mAjXMJ29R-tQ3mOFKudZS4Q0e624GCallmeXILXMbQg_PFwpyCi_FIgV4Z2jLMEIPn2XE4sew7pYBZR_azs1ckF-G-t5ungLkN8jB2hl2Wr4I28X_hpGERwnqzOw9_G_BaV6KjvzeKfcRKakQgV6WudWInmGPE8TgsWfXKaQnhn128tKAIPPM5WyDGqtug3vbi8-9rHeCFRJdzwSspo_-I7RarhjQlnxitA18oliNi3tn5aFp1iZtfdwPrDCZC7MDRb5yRC3kMVLljF449w1dPW_aRExniUWLqF9qb4o-mf6CSmsMD1JgG3EOgijWSRyLtyrCyebEbiK2hmEbk4122OI0CsvXqKQClceXzrOg0Ao9mwMseTz9Es_HO9Dl_w7umXdlmYWQkESkSoYydeWQsMJSkjyLYkhF_41OxkEKFB1fWR-Sp8hybJmnl4XrNARqhC9oOUGaEUy__C--Fk10Q-oLdk-ZDrKX7zwnrZpxLohM2G0ksXb5OOUv4ugRjYZkzq7OjqpWxnwVYKYwL31sDAOKoQwoDxDkRDkDgiHMkY3pnLWbn31F1Ej6z3RPbXOsNMlYhm3Ihm3NmHE9bH2qO-qWsO3L8VyJFCSU8iWiwx2ZVEOUHitpjFnxpYr7QOXE2f2G0EDtenSR9O41Q4I'),(11,11,_binary '-----BEGIN RSA PUBLIC KEY-----\nMIIBIjANBgkqhkiG9w0BAQEFAAOCAQ8AMIIBCgKCAQEA3XVwcbFGtzffRLLKWNu5\nN/uWDUj6TU03Kbh+MStg+Ty1SQCpITPLB/sNKHoXmqmTdUux0YqdY6YgdvO2rpG1\nuj0vFyt8NqOSSjxt3tVNFNVvBAqEPFYeBFrcDczU7Q/ltZZ/v8coBslTpGPd8D2a\nz9m2zBi9jF1gP86s0bIwOOX15uv2gUs8dqiE1LaLR2H6Lbi5ZIrbaI/LD9c7BEsJ\ngPNjzIBB86TY7hQKUqWVa4GFuHnSv6sZ1pXOCB1LRIg1BWAESHv7YxaX5leyLzT9\nrCcGHUMmZOA+RH0gFSLW0WWYGlmA5lNQyXz27Rcvtbyj0WZL24QWdxBBtd4wSVhe\ntwIDAQAB\n-----END RSA PUBLIC KEY-----\n',_binary '-nc_G_qswjc8FYFKub_rZIAfXFR1KJRyxIZPQ-EQXXNVwtBLCjB3vU3I5YZFQq2U-GhggPiEdNTkMmx4vST-iJluVo9mAJXAKJ8zDemzH67n4sH-mF8tXEnEMXV4pzb40e2vND8cqUdDKQWSrdHrHaQDkVsv4MbZHgd1Vh_xx_k7AkMNFcvzU0BuYReNTnKMX4-PxxzydCokdbhjrQB2GsqRHw_n9V02RNBiQGxH-98nhK7n8enO5UCf1-RfKaTxy-k9OckMg3UhI125nAknRIN2hubpinrlKpfxSmy2kHrEkKSuLxWPDd0ZdOVJLvNqdBNzjmnZxCB9QbWshZACXPhHfgksFQhUdu9526-fY7ja6t5stLs4MKw5IUD84Iv8osDF_wCNHpmg785FVxVve6MDCThMVe5lixPl8afXAc8tVO6O4Cq10vgsN0e0oPuy9_MOvAHfUU6EQEDm84ZLKDjJVioULVTw-48oz_a4REWYqULhMEzKGOm3h9O1UPWvb3jw7d_L8Ea0tsPFqNh1C3lvVUZfIHSK2HBspX_4_EpDFJi4xerKDHuoU6pIHK90jEhquBYwFE7iLP72PKMupjqQ092XecMe4_LeTuKzuSQGlIlzQpcMoLIQpNVP9KqeFeFlKpEKjw7EXls0oqxVyttrIEdI0l54O4q5EHSahquqjCWMozKtO_tCWqvFu5Yxwaf-WsSr6IeYs1r44edwqTMRZyrEzKC9ivsByLsDhahWruhKq2IQ8MSlNRk5f6vyH8mpHD_vd0WUrcSRwJbYhR2BkdviWBXHgECRIr5auylOJ5LwvU3Cc2umqDYa0laX8NSNlGfzSNYDS2PHvsz7k-Giur7Wb0-SJPpliVVqOSoV0rF2AVO-bcdxhXsuo9im1natnVMhOL6cEJHg-xORNV8CP95164roMCrdArsunh8QnJdqsvANU7-bgKzMZXGPL16v3Za_wNk2K7O5v_4X_-EX-b58K3K3JxljzH-HzIbSL3HuQTMoAiSOM-HntTiuwsDz69lrfYbyA85tlT_rYmwkqwV6gmKJIp3dZISvhrakqHZ7DSuc2tagHVzSWU1pfx_ZoFGualqa0B_WqRSkiMmCtu-ukcj3D1yoJGeUs9qf6KrVmO185JUuiy5SljzmApR6Y25ttbEpbRte7aCPhvj0q3_2zNltkNcYK0PeHN6Si87qn4MXJ3gjZjEqYckGdTmQY0h3zJViogIdBkmZnEEiY_Pr7Iw5qVhpD7GUzOIQ7r7pK_EhDWqD56qkDdnpHbye1l0RcIt1zzz1ZBXYqQs9_HpoOfNVUbV3KteT-25gMVBts3pWP2smsoQ-pkjVmz3X4G9oFUNrKo6ZMMM1jz5ZRHwaUkSmXcNz9Ib6AzMXlRpI4mBJXPt7opV8Z0cxc4ENyxa2R0_C3kIsMh6e2peffChBoWkMR8DrpAO0z5itmkHYv9efLlzC7VtjSWF36-LOBMVsCYdTaki_AsLMGIYED9ycL1dhIM5m93Z52CK8b3Q5ZTL_uHq5kTSd2xkhlX_s3fZDr0Rn-V4OEkehlU4QSVPBIgLLXoAV8A5dIyins6QZd5NB2tFtzG-pTKs8k0hRDSIsOqYS6ZoSzWrJ06Pxm-k5Au_Fr0bsdpxnVNx9YdMm6S2lHdWYKIBI9rLyLkPxpZQU3b3uF7DnMkyq8WtrN56JTy02Ew7QTj5CKs4y3c5wZcsQDLsVljP4XympEt88DTZtPUJykGDTS-aTDiuDTYIGTqc9caAXG3rxjOmSncqj8uAh16psScILzVhyKanQBKVbTr5RPPn88m4_sxD1t4q5meFdtpRaMmCX3scvCHoVTlTXJhmnXXZIGJdbXvPfrEW7CP0KnCQvMlbPIR8gnfaPsi4Njl4EAGqAqhPx7p52Kun_JfiVxgn79tj8qrTGJUSBgIShCIRIx8KQoGruE4Tcyby0gRKGV93lm0LSaVk3AK5HbuOk2JjGe0pHrRBIivKRLaDiPM1OgBHSasrBw0tkJzXM2Dk0IMLXJ3qrza8rT8WTthXGgfY8D-z7KvIG2XYNPEKYU8Sp7TVZQeHf8sOS6JkVBK78ZaQxFWw0a0GLCGOI7_z9Pi5eHvr4UOJvykyB-VyFmVEF8U0g9Im-P_V7PVVALgEy489camtDlG3S4w4YlxEibk3I4N8rsmugy3yXyAd66YPg4r_mzgyFoqs0WMCi80TZqoM19-svoSA7fBmFPGyu4NCOe8VwMtSz_Zbq3OjST59eB4AlRgxdesL_U-F-EnBQSph3iyLZzFosrBU9Ud7N07Q_CyvL_41SxZc5dDtutPdC8PkEuFxP1RBTSmouBn6eGhH38o_wil7sNCAPNv-dOhfS1bvQixspoVQ5i5JqobJmhjILGAaTTuyC5iUPDrASdq0thRdmkXyo82rhpyD8E0zHT_ml1IZ20aqjJPxCs5eB7MGXKCHgGzatTbisSznTOSCfPfhxr_KpylZ18wIL6g7nH2X0kpSM4sTmEKbsr49_DaKaeaoua4Xj7vqVuBFN_5hTp-4UUtuSFKRiasG5Ev3fEoDMKHVqCEiFR8wxW2piOCUlZNv3VJMHFH5h2ETiw73S3BuN7s3iYMMhEYu3Z5nSjyJDIDp-GqLa5NpnFAe6thUsoON0jFcGTrIXuvHiM0zE8DMW9u5EmlTj-9T4BJVInuwxl9OCErZO8oCF6LyzwmfWC6xUuuAO1cie7L4bKxv4bcvZq09gqNqRHCp3wbwhN5odIExN9ApxI-zCdUiSF41b0c6PPoXdNx_ETZR5PBfa8Ow5L-1UjpiXFfZOiOT7kKFVCKmBptREEYyPKmxV990885vYcXrDT3bFTGX1z6uMLRJmxjH50N9WU1QvsxnGnwa2ncycY7rBNvovySupr_YJG2IareD8Q_U_grf-hfrGliSn-jIFoDzrmjOwUFCF5VdPcXsluI9-UIWQIMD5EhyWGQTYt5e4jc-q-tn80uSJO2ipDSb6iGdR_9XrQt7Yp7RF'),(12,12,_binary '-----BEGIN RSA PUBLIC KEY-----\nMIIBIjANBgkqhkiG9w0BAQEFAAOCAQ8AMIIBCgKCAQEAuxDn9uDJe13/klM+L8wi\nYjV8At9ptUHTRly7MtOpQ8liCvnGJ2qcIgcj6+0r7JLySpny1coQRgLMaLsrhv6K\nJl6NiPKK4ICXRsO6sAPDPoLK5iVQDynkmg47SyrpSSUPkHZmTQ6lFMaZPecaI+Am\nSLalmLvRtYvf7Hf6qpBddcVtSjoUyIQD9vZXkfph0lEF57MHPaVFb3ARs+vgZNy/\nMg0ik/qqAB+0djAAnZA3nmdjir9I5sSIABeEpx0R2kNWfPFMdYpGIi2enLr1X0ht\nxC47Z/w4k7+AFb306E8P143X3wbPCEpBifkpy8vET5OCfyuFglXiX07eB/Z6u1ow\n2QIDAQAB\n-----END RSA PUBLIC KEY-----\n',_binary '1J7-NNemZstvKAQD48c_us2KpuR8OmppNwgEXuMm3bQY1TsvD9U9jRCBGGUpEtoQOLe5wWiax-eIdkNz3XrdqmtFV-B5l-GraLmA2Chb_GB--BCXddItF-5ywPr2HHK7LjL2uJyXGndw3p0jlaZfNor8WOX3BwZkPhiBeqpFAcOSPaLiNrmFCWX3zB_EBfnE7GjO_ziNY65SHp8HY6AP0yBAnKHy2JLbNy0_rCONh3ATJnScYuE-q8ER9hBYGf4Vcvf3N11Cf6RQuwdX3PqVbpqEkpym8h6hMXBbDpKFSek0tLpV8tfSTsRZzKidEbuXppdr91Kdc7bVbq25klDn4TXlKsxW3ZyTxU0h7YUvQY7prXHKcaiwX0yxjEB1lbUS_6oo0RhDbT9_NaAQ8CAmgiIGzYRTge_S1TvlkaOac1bJ1APyZ0o1PJxGR3J8xB7u6d4MT70mNtOntZr2sWvTPYSjEjAw0rqZv_Zv1OKdJkpKRXhIVWRHNBZijiUJuAQvHJ2uxKuMF7I35IfH8Zr9t81BAEU5Nwh4mBMnohN4Rs84hi3PAlWsbVqIN-lAGBFjJlixif8tpv2exXz9c-DCAe6zye0iY5huJCE0muGvfA-Ck3GLUuiVcrM02BPYYs_wPS_6k5bpcnqRvIQ35l2CfkF8MTnEp_afs2Z6WRMORJzOiRfdfT09cKh29wl9uGS3ha2P1uj-HADibvHm-nV9IBUxHf4xOWkQbe0Dd05FEhY_QxbZIc7j7tXtmUqkTt4smEeZKdfgm3keC8wuSbnv9svn0oQNUtIGRx3i0dJ8Oy2l0SIbb5XDV0kfcWXL66eODecEfvhGwh6XrsMner4JBXnhnBLU0AqCEniHQVdBPSAcrFrKGCYgzyOmYPNcv5jHeNJKmxTJVxvbDP9uuafVzqDr9Y0-1Z1Fm6G8GFe7lUj7NIP5gG7tiYkKQaSSaUVNluG2b57EzM6GVQ-XBN_wP3PtSSvY-hV6pNASy15LkALZejTpDnbPEzwOs6OgUUqfi8Z3AV7AzQvwKW6N1PPSvyuFVMQegm8jlTGQ2F5IDXb4pdSvxg84Gbz0ckHC-rhsBmb-8L6SFo73GXcCjukLnw-taxOqglR4N6TrZjw8MhO9gxFJXyWp5cbrbCyScCA9FOB_AXy7BTBNk-hulOah3tk8d1LfqOJeamtsf86KcyVcImJZgUVa5HFLi4U0Tep2_09dqWpiwk1IYJQPPFHjb2fUA8GayxpgM6Jtk4wouwwP8iSXj19psx0EnzmM9UqlJC7Woudv-gONs4Z_eH1sCAajUBzqw6ovADCd2iQHTFP2uRrmEtPO6vgynX_N5lhZ5ATDbP1RsLBCq91WMGM_812XvMAoLplSSPzYo2rkls1-DoQEkm89hvDWbS1fXQ_13U8eyDFMGvMLO-sv3zuRcSHMiW5Lgy0_5g4cSlkgLDuXA3HmB1sxbbwcQxFJcNGnlLvzr2WxI7GsJd2uSjitBZdIld0-rcjUB7vwLUbVI_O1X92gkpyjUSSX5wh3rBeNhnBUF64Su43IaiNExHbsExPFHfBGBbVuWKlU6C6vAS4dlySPIxtq6P1YmaZ8akEpti_9IbQ2MjoMAxyVIn4gK-DH3cUBZ-uQIrhVvw30jFdm9ibD8AskpSRCCcSnh12xGuqNkparA_wJiEVccObgx4yVmNe0cxPleoGeKpgRTHqdclMp7R7SeSfBAlVlNf12vXLeKbKsEK6aBRNeI_frfT-qxFOctjtvM_A1k8QgyjF08PUtd9ZMobmHyFYQpo0AL2Ebu820E0lGvQ2_ZLgdt0ZHdF-aoikOF6AAhqLj5d51d833nRuPLavJJxI4eyBQheTMnFdA9Io1bAKwSCs1RwwuMeENinosyvzgUY-0GKGp1y1fbaqwHqARoytYUXeaszJcHNykLn_tw0EohLyfIweGy3fF1O-hFTntde44fduds3n1jlabfnepotJjOsf8lOyB0hYnMmxLgoXDJVIMzVtXMq0PHpV44o_d7pOxPDU4i8MMLz5BQ4t7KwTkAaum1Q-umZfoiS-go7bNaJta9rcQ2DDkDKdtYvcYQLx3GbJHk_24jEoBjv84VQ_M5dyxh0Q47ql4CEY-wmmMwWnPipaG-N_6mx3LrLsm9jm1GLFv0KZvbDWYx1VmIxARfXQSdQMzjofIjw06RlTwUqZOXsJaj9OxHHQLEXUW9Eu5iZ1PLJZ3Q1wnoYDdJGVNvbkbzb96F3mkwi0dH5ihrCdFVrVf8dcSkSjRoteAnb55phEoEcWqyy6QeSWhJj8Ty3MGfiNM2lIcYeQHwyLoPLxkqk8gqGFcZAREigK6eIuW834aWL92bO5uf4gPvFhf_RVHSH1sdxXxzChdZuv0-Y9L3oe1tV5-_txlK1ZZLNQlYr6ThWmp3B9Vkite_2SV1Z0ml57Lof2c76fmtYZY9PEzvogf8Xlpykvx2Jajyu7y6jXZ3Ns2BcG9WK1gniXsQvrXszwbbC3UrCl26fb0NnT_GWe2j1xexd24okpSTZj4mehK3rZqyCnkDhTPkw06bIhtcl5VaXOacfOH6x2_ks92YmQ74i48DcLa5ADkCWLM7U-N4WyCxBvYrLHlwm45B7C2c2p7zYC7SZq34S1FapIV6E3G5ME--iGNyphNM7wFFVTCKvtdVMb6h--WW0gxOAiTuLJJTzaIB_uosPeyZoTvV-C9E7P_bbZG0rwa_rBI3RrBHMV_WMBPFEz5LNsdYpD6yr8yAz3X5zW8EM5AVAWLZAW4WLyFXPdA7bQzJ2riqj0MJexijL4g6O6AjZO859mSwO352-49lDLEFZWVK_CE7fTAkLEzL73qzdz5YaokiUQkFcyu3uOILHHGeOb4AnWVAS5YyJ8eNTDd8W0NMiTMIFZ3pEHRNZXitsZ3Ehk99hTZXnj8dkHiUBwN-qWHGN6ZeIr3iqMguKKzcMMwAqIc9FU7CSUV0Vs1yk1CmJLks0P3AMBGZx2fVxxATFM='),(13,13,_binary '-----BEGIN RSA PUBLIC KEY-----\nMIIBIjANBgkqhkiG9w0BAQEFAAOCAQ8AMIIBCgKCAQEA2EaP52MGT1ZicM7EHDk7\nBF0CZ9s8o9x+P+V7RBSGX/7Vmugl8slvELLBwCAKoozY3Cq1AumuRBLXp+y2kj4m\n48IWYapO8GQ2npUyU0NG7LCzVoEUf0FNJ0Z7FKjUcny+Jx1bZtb+TKRpUc2IncYw\njVl4OA9GWAgNW/PecmNaiwbOcRTqzS/N0DKxZ7qRc+XZ9vUDh55fZKpMdlnpLsTC\n37lck8vlkgqypP4OGNfOYXDt45DK9h7+EKUYGYdbjl+iZSRgA+X+UG+lpWLVTKR2\nyNJnQV0YRkzlnnCXgPgPIXT8GL7brb84COKkA6zdQlv0MVLPQlg6eXVMKmM++aoc\n2QIDAQAB\n-----END RSA PUBLIC KEY-----\n',_binary '29rNe_rbeKczgvcticQCd6xFSQIUWjiD74gueunAoXdaxzfQ2iRP4-XKNv3Pu2fMsBGaAg_TI0fe9RXhV3zawbjc2SNac2_zAWsNuCKBw_Abd1JYY4Hn2nWnI28CuttFEWLlbCOw9M_HlxIOvJMQJd7YIfXpIgo0FEgPt5NW-loOG4ra6780dzYY9SGQbjCPw048N9FEqQQFDUXYJc5Xh3OVDfTtkzUu__Z61pALYjV5_bu9mQoeRmdwqiFzekBZYoPhUuFNMH9duigQZbRT1BqXSNMVi_Q5Hbf42Nczjq4KGl0MRKKASDjcrqiOBFAjcpZ8TI-mdmiUC0BvRL6mfDqhTwFqATKpqX1Zfet_lhjkEPKVpoIQPSV5l_xPKpnMtv82K0S5qAolloi5W1KOGEpyTZVlGjkpnU67PwixQ7oIWSyPs89jdxqCzeVdbhDCvv-cd2YqWij_0_jiJMqabWPoz1WhbN_FF_GavU6jafmFvzQO1RAXIQ25YKlpX3v0_QJfsFSHEM6wseGCTc163COXdXjf_T8a_s1mWclgygrR7ktMaohpuJMMz2Gl9rDNrsMUeP4WmFdPtww3WPC2YyeWeYHxEJWoBaW16VJ7Zy8UctEB7Y8mv0dnkjXnLfmeReWKMJkFWAT51f8xr3VWvELiJSQTBSmMqnGP5FCTLkv5gp3UTGtfwMFAX0FdpwyIV48ngEoYg3NrGtdr7tkFJtD_cIh_XU-YYb0QWuaXNKWYrkrpFtvMUXPQnq0T7yWmcvFC5LgyeDgUFeVwVWW8wKE4jyVp7U4PScjnBWQpAcboJ2FH9ZVneypdheaCfHUHRcG9mD9MLp428I9_6JLLryhtMQGtBAVizhG-ZXXX7GKXg6mhi9vviE4ufD1eBBkS69Wcyio7dc_oVXcHjiiXQxZ4LFQW1SOCeUxHSh8NkHgpEGmGRtFP1QwmCXgrOPaQvNGEhE4_8t5zTm1oMcbJVcMWADMaR76kZ1Kvwp2olF66HOBNLe8qCbAvKjJUIE_8edXVz_r5oXUf6GZIz4dB8r948VKfZoB6rndMembwdEAOoyZ4BomzaD1AJKpeaFN2Y5mVkfj8cru1CSsAQHRa7oRyUs9dcQLm9Lr2L99NuobZjR4QqVHD9s_Mh71GvY-BavX8NBFzpBt1L6-s_d0JeXJmzIj16pBxmhJW80buW_EsmDO3c_2AXTP0nAWDjqogkCNn8g5W1AEYL17nAiPEV-wiPOBcNmT7Jk6AfN6tRVs7RK5IrWfk7pXFLKOWoSt1LYa1Kaz0JwZMcuYx7O70iBNJpCrMcc5_TONFLhQItT9m4x09qeSXs9dLsCMk9ryosZcuuvkjLLqjsnY0C5DHyL9uZ-ahVHClEeNbHQdIMCWXcXvWvtRZiOxzkVLyQh4MFO27aqo3zpiSgbM5pQaMP6sMqyb58iw43NqM0TgFqEGvX1W6WYnGbIWNCmeHKsPWaQY9HHqT8TMO0K_q_-HtbZDLdlxCnKzNzDYbX8Zr8CAF3tDSPvToq6uV1e5c9FbR9i-uA35XAHRQ1TNEXFySO8pmlmOvpP3BmhcqGaXeuhPQDyx2zZ48OIiXsLzFHWQzsHN9wtXY0XiyxDcbzr8HhWk_1k28BQsE4FSPcTDLDLhhv1kYD3E-bve705jfh7Ezymgj5RQPKeZcsN64O0_mM3Eb32JkKNewx_LykT26d5s9BC648lYbhgMN4E6nt9QLPSlvKFHV9WeSEKbwcTpeWSgGbktL2ubj3v-g78OXDAmz2f0BwZTVaMP1WVaQ_7VKu5UXA46T77VnEl-ZbEEa9zURqCV_VDwaHsFtMIcGYo3ssynLX6M2ChJfGpI-sNANZTXUDei0ot_4R1I28mce8RpFiIqLt9Biavcej2qqQVvFAg28xEIP9x6bS7RIB1ve1IdAr3roR9AeOUT9Psh449oXpL9C2vhpnRLuoBWxHPpuO7NNVbGU2G25IBN7mirP-5quLZMI-M_VVBBv7sxYtZm3RTip9FqVmAA1TkuSxyqj8mEOulptIfrttCtqWaXaOhNVN87DtgflvFTq4xvFVQKpiJMDNBBpiEzRvs1JHgVNDu7mLeYx_DP6nweW6GQjlAmv4yoelAuozxNySrCYxm7lcPysrM7GnCMj2imstuicRRh8Bqx7sjUVBl-9syK8srkAt7ZgRPvj5lCfYfHrqGyDMzTZsXNR0jegpLCEm2QMNtCXvc5D7RW9noQuOX7Uz1NKiE1_8kb5XB7weqNrv_fOVxlhIlmAeD5PzD_YZalmIA4ENqhixmWHmjbaOy-UnifzwUn3OfqNgiM06nOREfBi9FPuOA_Ruyh4a5HfpRGkYZ-k7fOgSvothrKSQmyoFCORyVl0VFzAaA9epNRdFu9swzDvLhV_J-rK4Z_cxlUBJrHree002K--DHV7LXaCLI8oqClNW6yporlZRO8J4mU9MPk-njQ4ZuzGSBL-l6L3L402f9SD32Yu9CuJesPy4rcKiFsgGgLnj-371zWD4rFyHjxAhNsoS1EBgWKv8GIWs_mVcFB4YqCYThCYRZClIyvt2JsAyL6XmfMuRdi3oiHkc8diG-KiXJ_s8YsB8RFaSJm8r0yfHL1CnF8ah0j9mNh3fhNdF-hExuRXw2mmspcdRe6qph97LtcAN7tvqGgyB2HvMYL8C7MIzAFKvDj_gVIAT24D9PPqYeFf4AqIUJy9N2JAGmOsiGiC4kVV64Kq2tRxDsY2dfkprbVi98wE0hQYokoo6HDh2SbryzGRH87BjS1d39DsqyUyabC-tGknqggm0qpkp-X-AJEQiRPavpKufaTB3XAYWLantVg2jL1QTalRaTspdZJY0l0oZueYJX6LO4hwXNz-3OqAnzjatNIkJN6QdkyqPWfomBoKMvd9Z-Ggg_T3fbUSD1ynQ8GIHNABEgpq0H9BfK16DpK_mb6VUDliUKqmVupeATNAKK4dKhj1jZy30mXYj9-O1XQv6Gr6Seu1_f_yWqgthIF1'),(14,14,_binary '-----BEGIN RSA PUBLIC KEY-----\nMIIBIjANBgkqhkiG9w0BAQEFAAOCAQ8AMIIBCgKCAQEA6BZuXq9TYjEa3BCDz9Zu\n9Q8SzerDkuDVu1yy1/R2+UAxwFHbUPL0nNhCdMU72OUmFt3JFQNTAKDUvfuqmHnL\nD2tElJWbpkCRXUvBAAon743MtaM4EgFwEU3nxJc+I7lBkLl6rjXS88Sg+vUnLE10\nqBY1ExJ0MrpxEQC6i9P2QBYrEQjjbYFGX6txa1uoVd+12/jHvy5LsirFMxg1F/98\nf1HTOxzeQuJkAFgFJCOxylM8yNplo/AjyaP1/ZFkVr13XZ1KnS1qsYZNJnblkBeC\nMcUdlWbCvtZf0gE46KEiTAM/68BeDkbTbVBOz1x7UESme4dwyaYcUmQVxVRlKQFM\npwIDAQAB\n-----END RSA PUBLIC KEY-----\n',_binary 'gAMQIT6OAQrFzvZ4djlBEjHJopVP6d0p1dbnxsvkQlB4LbvHzv2ca3-MC1PnSkw01d-rojxkGaf9saGvO7rjfcaCGt4BipkdtL7uVmSctEYB6ap2QcfkpBCeGDc2SIliv0f36JX8UYRHXiNA7BYi_evg4beg5O32buEk7bgfWzba2cQqkv789qJvCDZ7F8TVUlcHnyDvnrj3w45JzgAsqQKSQF5Xqf_k3L-fbmmg5R497pCNfN6YHGP00GvSUS6UZPFU1ejUoOZU33qHtjtcuZU_yJifypsiAASZHR34X6jt4aWhZAyUHATL_LLQyawzbh9iAwqH3KTXMJ8sZghez535BfDm6ncy0K6-98hS5yCBoPhRJpbt9o1bcU8-gp5dJYXyyMXQsP2HdJvABB_tKbI-jJ-y5YIG3s4-X9qvElVCGxQ0BcBaWpI5pisjHehSY87XABaOwJL1PPqH6aGOAjt9ZMas1biy3Lwave8HgFBidEnSIwZ13oybNFeDZO1YabHS2iJpz67JOo_z2TPJqmI2I21HfZyJ9n9toCYL_f7qwppR98t23MucCoUi0w2LBrSGUwpKGrxCv-W-CztcL4HFXpn_zeBjjnA3Vvhnw4aQoOE2qlNFasq57wTg_9MvS_HbWPM4tgw4pLUgudXiSS7na5HrqDW-i0nG0sn45FvFIBUmXRmfu1QiEYIN0pnWin4iNxzapkmycotLteJhbzweyhWsme0ZDftmceGx9SVKFjegjM6O-b255ESv-xAc-2mavHbyuX2-INC4aMN6Nl1wny5b9YV7ZUpJRdyZRFwRX3Bm-qDbdQ9L01uWg4rTCKaa8TjRVFle-zMkAv8ywn7WCTddDIIXOhJ15Bw62n8j9zn4dHiL3gmziNgDt7Q2GlLvahkD56hEHrasnOM7Hj8I13roNqiVNbGzwIZntOjmpizeDSzxAs2YTr517iAkgiwZA8P1yLuzzcEpUlxehz0sSVxBWFG-ff8KDjL-DpPWjxpxAaUH8Bw1-q8c3iFbY8BEzJV84rHQW8LHMjnmBcki_Q8uFoMHmtxEvLfoeGmkeDOuXD38mv-FHjJ4myRiPMI9tgAZCey0tVqUmR453tEY3idFqLMwYYj0zDHN9Rs2j0otNxK4IUqGRDMRd7JTQbJVSRCa--ymWtKSFgyf963CLV5qJjCSgK9MIvDGRNoBGOsYKwXQgISCnmDzrwFEOhwMu1UhdD4xCmML7RWm-MMY-E6-SpGJfNDIz2-XvTrAXltoEjMsx7ydQ1ZbjzL9ZJOu84rOVIVew4QJc80IyuwqqcjASs-bMwdtEAs-RTEbTqooEgtv80fZrCrdKUkWc4Ly31OyVZxI2-C3fIh4IkX06UXIp2FtLTP7CbN8lkI_f3ZAzHIBkBVIQwib818QHqo73-7H2j9dvwKKEeTBSwVFUaqoT2dRfXUMHSaKQJnyu_nq7R-21-kK2J9nJGEkJBmJpWauGX46N7QmgfPEqbRZPZjyh9G5omKspgAUEjTwnQlJWI4yL9kJKevm2Xq9Z3hCuRZi6BKRA2t1e0A-h-JTs2pJk9Age-F1xYZ3DoOn1R5IFdnq9ItwYLKkeRdqFXMDBTVHeBtSXQFUhzg0pQCmLOYJxODhcNqUUOHJjNXWmTR18Ogvy1xuBAOHvNcSraCWSs4t5kxeifGgr8-qDUGvzFRTpXOSsE5pAHQ2hiVSCD-8TyqzKPYXGjEKtEz_97rVM6Kpy7yg-z-IKHN00VuSwyGs3UG_WidXR1IgxUenOwVLnuW27RqTDNJLmSlHMaMdYqpwxDJ5_jeDxpNAYxKE4e-8sJm8CfdpqMCsSBNr2z93qNa72eRbVFLx6N3QaEdqZgktkrCbgQHQlG03qXE76_w3WaHHDya1B0ELc7s-gnPhVVK1DdC0iaOB1uZrALVRLifM_8XVk1QdolyOruwUusspwEZKMql_jHxo-gLndlPtGtaUAis_BpCg1bVfIIHQ7bbWb_KVcyJlM-ar_RV1UpGnhUKSPUnWPJEat2xa4dps4U_F6GCw50h45pF8INTV5kHiFfWSxEM_r-kAccUo3aEy-NSWC20eVmeit8rFN4Ei2PNBaTsH4Ff4xSyyld0X0MzJNvMUolwLPFMyzyxliTH7cFPKzDlmyuytb2SqZC1sdT5AVwKp9Vl1igHzwXOSWJmDC6nKUloVfQJVt082yq0hGaHJqOzxu1On5KVRQuKJPnJNhbmVDoRuyDulwd2ESz6yi_XYaqCjR-G2Pn923raNV7G7jfA5Kh99sBDEhvko4Fav_Y89KOMPQbr76zG0v9l5uVSPNTPaz_ycmG-SwF2Tv8hrThdz2PlJzhSVB1t2hpUEZ5iC2KJkHRpROinkyAHwI_j3gd0vl29XUrLlVtCxw-nn8kff5PZNShoUJWbk7KnWBKzc42gvxxOiB60qnOXvyGPxrRsZXbysCuPT60MMDzKD5mitWJb_2Nj-qdJ_Jlk66Ia7rtT79QdQHKdHHkZdHFQExO6q2Njt5k4oKCGot-ByV3YgxddaFyBOGAxUeGXq6i1869KaC53XvNJJEaheKutTekc_POaO2wxJMgZIfQgjbI0OkIbHDaTtoLFKUxg3qeimTnCMk0w-jjqXO_ohj1r-Ms6XOHVgtw1-3sqwY8xaLwykKusJ_FHrDpxpwF1lmnmGLHJoEKAJwrfut_7Tf-eu0ay-Y4K8j861THKMrN_af43vB-Y85DeqCJmnaK2QXwJlBBiUjs3uoEqzi16LcvjmWFFirFnxvW4lX3KCPTGd2U5_zxrjbSiyuwcqDUyf7IOXncyXeJHxnRUyv1C9JUAtBtmb31292YhCKdN58jysDWPzkZ65SoD3Se_T0yvcKCQdsaN35QoTN5HtrQG0OOuiKsvS9SbN1BBWao6ooSQg7ZC0YBsmPdAq_WOR1BUJ6Ivco2seaNvPJop2CJ11rmNSyyzu__IdL-VSGlfFaXF4b_jKfgJfyk4xsiXgHOau0qgZLarvI4QN'),(15,15,_binary '-----BEGIN RSA PUBLIC KEY-----\nMIIBIjANBgkqhkiG9w0BAQEFAAOCAQ8AMIIBCgKCAQEAsLs5W3Z5JvmyOVK4ORey\nAU6eiwoqtgckitC9dxpnpfD03XRsjwIaddG830xPje47A1PvNPUIMqnqjK+7/U++\nN/sGHOsHzLprVEsIlNMh69mb5tPN9aI2QybRUFY8BkSA8I0vN1z5lcNIehuDjlyh\nNlUUedpqbpJdskUMriV8WYpPf9tSaq5xhey7sRK8U07HmQVl6t2jbCWAFTLshIof\nqsgkDjRdrnNBIAULXB+0PAW63xfSF6ZzQWpBWrIhNbygJ4WUz4A6HBQa1QO+DZo8\nhA3Q6vwKsjdokcUW+/3R5ixq3/aBqOBLi5XfMXr1gWK+xwxzhnEo9DIJhuNHP3gp\nnQIDAQAB\n-----END RSA PUBLIC KEY-----\n',_binary 'rGb5aRM2G-nQ6uY2sUDNUlOF19q8o14sWiP2qPyxT5wREduc_viVq5prpvaIsJGihvku_YIRyGx0oIOEUotF0k9iRXv_3KPY-VAxNiqVczhFyMris489aqNZ1VP8ssfpjJgAMrQ_Q00pIsFqlt4f_azqS-oecam4OF_73ejIm5Y0kbFmkD3wVtoLZUheB2nV8iiNCKhEopyCbgV0N7YegIrAGS66dwllt09U1tuPxarEGpudNqrcCbauqhXDzlALkZT21JlQYLSj4ii1UNmRNSzxQ-3594lCVIXXL2nx25FMpMqhEyBbRSULssDGABoGlWks5N2WFzczIjCGghneOPxstfLb8iMzFUKerO4YR51-jgZtTczzjT_yu4Z5YYOhWMVzrpFXyS9o2pXAhx7REsDfVDC5Qn8xoRE_k0KRemoHqUJjygkdMqZxz5tv0tA-fJ7uFpsJsibrfqLTbxOnf3HNAn6ZPBQRRIELP8URTC6Pife3OxVq6y1ZeNEQEIpabzBjsLBdYkgkwYTWuLJhw9uKFuiOEc_JBCuurfQTONUhNy5Y4mPeqBCHii8DTdfsIPEcE6VhCiHgm7lIVkkRvBRAOL582gfnhbW0liIR32NgQxq_-2VWgSrkq33i6BZd3YmIkiZNTVVu1EJdNUA9dqwGvcWPojAILgRwFZR4cyE2qvudVCRTfXqvY0a4j1tIErrAjuRKS5mxNsfnlbM0dgYqf1v5g52lY0eIDR20ThpK-tpipBSp6O6ux7C8BTxX2UzMUhezbzNO-uhOnYitM5uxDcQJshDnpQ4dKu3hyyp0rDdebxI495qH5z0DQ33lGGFvASQ0XdcUd9Oq-h5PSku19pOW1asPTIvaCDp_AvKSdHwtUJGxWUOeFvNsE3mZsBsdQN4V9pJZcIZ8_YKAL5_kLm7yzT40AaLViLmw21u8NaxkZgrdE4w_tjtyZZV6FsWm_9OUl_FPJ1ELpezDEtpNUBUtwlQGJoHQr7OSfu4bLJH2sw2WFUBixBSmWunafpaF5XJJkOx1twl6geSo_3sLbtNjtwWhlkyyQn7eZpm8MLIoQo5dC3pwBd6QmyN0dgLS6wRcThj_6IVAWLedsS21vF8EDrXlvOub0N6oTHmG7N8DbsIHusO-27KKT9CrYc-CoSH9Tng5mgzxfKg6UFRzx8ZxfJeTVZ3udRBkhZVUEtY8Paa7KP9PWoM1rM7--1toIlAylRYkPsKk-OweL0AmwqoK20uOYxfrZ5KmfmCJkvA4UYlQKLvkti750QuxK2Gr-D014ByHVYwURDHodIEbNORS6z7cvgu9_I2ASSPzGPDYkKkyU8Imed-RKoMVR2UNWvT0tvo6Mmmzek1L0Hutvb_5uTgNKmwmj_ROo0cnNAZL47ij43Thd2woA55jIu9d0R_CgA8id5zUauLRwrAgxNB984FLBS96VfMHTIHg-hf-oYXzlyR73sZze7sKPi9uOyDNhB9y8MLgPRxEydFCtDvqGEfMNRVLAoDSwKOzLC1nngX9VKUz41fR9Vjgoyy2btjwaN2Lu4ea3YF_GdyINpKU7Lup2YUNtuNd_qmsiE6QOP7H0SgRifArTroftf28AwfYHh7d2yB4oA1vgFeF7oqeFFhRhlXsTdPNVEYDQPFJpZsF2E56xy5RSqJt2oRaNENOjxfXeYJuQf5_3nGKfRPG_xNulLvux3Ev5uJ7I_NbK5TEh7aJO6YY6TGLLNgfHfXYl6dxWXd8OIRzKfp_aUGvIeCc8W3jK5q0t8FjndaRHOQHwxBXGfnA7Fmw6LmIFctYg_-N5VpZs4Z8K6FIEx-fjL9woFfqGt71HCL5FgzWen8WAz4AcUVggKsuU2zFzIBxuAZjjElJs_nwE9qF1JKGSyNnd7NMwGhwm1U9ZHmN93RXYVCuHLW5uoewPDNlO_tuO1XrISJDnDWAMnLHmxgzN8Sbx0xd9cxsNY0cczo5deDWPEsx7Is0dHmZb1P8jKUD6rez7xKU0MiolqeGUwcOvrjoaNoDDs9JZQVkaZJcXiI6Hb0XW9ohpRLTen79Wn0yeFNnT70cLCKRLHgYTfyAM9sANIOE4vwY51cu3iTqSnHjtMVjBXfiDtobYeZOBgS1fnYbe1ZGMQHOOzlcmb6WcRmMf6JEWFAdq4WbEH2p4U_1TniTfJUBYyzcUqmIAQCMkiyEweuqu6itckOl-L-HPA-JjaVyP9Kh4hleeTRrsBevyZlwKjKuGmdh-N2GdIHMR9SjsdpdSXYwdu6FU-qBOIDD6c2LMMyrObY8CJOgqKKpkef-AAiy4TcLf2IEWQCH-iO3V606Vqj9oVBDU-wiOVG5LAZcC2nyRnrawNtCQlUPYKK5gQSS7f7Mj8MeIge93k6iY9w6pDEOAXej0fWz-hGcyyjLmVYr1O0DRWiD90em1zZoFq3yRhF6TYcbb7b9dUEMvYW7rHPcHR41iC-6ogn8VDq0CpDgNtFhRv2Z0ZWT9yJyzXfkV1-JftKKSAAI0nLkBKvheLL8vZUL73QGMBJQOowyZOxkEAHyJuR55yD9fTkCPf8czA7LY9ZYerrDGHsEDK8a3riyUgObA818wG-UukioLFZpcQSLvoWsASW1vjfXij1sqlmkyUlgVPShtjRtBFKNglCtzWDlOO4B5KHdB9L0o6Y6Z5ViXybsaSVLT0MEqFbThyHY3TQ0gnUh2n9ZRa0JWccA6B-mYjPApS0vcBnxwi1KSg5dmdtxeeNq80GmCl5pXkSIGTNt3Ewu-sz9aHlBCuauJoMWQu3KKbCLjP2KTusftZmNKWFLW-H0LZ_jrQiYeOB9iUd3IWNtY-nKUf2Jc7iBoeZTKBrr-f7VxVjdnkDelCZqP2FBIPXeRjioZlx3lsDxgNkjENeiQhaUQfO_EFD4YZ7bDx_LlVMtZ3sN96zul4kKIuYE-aLrwSXJBJuVqCPaudUGHZa0Se3IX5w3iDdZ1UvibX0kEsZJ9TbB0OdsAl5ktmX4UxY-oOd2NJw='),(16,16,_binary '-----BEGIN RSA PUBLIC KEY-----\nMIIBIjANBgkqhkiG9w0BAQEFAAOCAQ8AMIIBCgKCAQEAyvAdxT86hYHgLhukyla4\nobZkhy6+UHpUZpUyPyn/+w1UfHzrHRUP/+ccP5jSJ1ZpMWbm8OUh7f6SBB44OMQC\nxSOsQejmI2BuCmkjaw/Yn4T9HBFqXieeRtSxTYcj5oWjHGcv1F+5RhhYvcMtqnR+\nuZaGMKq16FQXFfT9mLeEYzZGv71y8JrUO7F65k5Okxpo13BWA+i68IBWNl5CVHoA\nyrlvYVplF5fDm4ZgM054GfNZxa1JrwPTjdtHcFgdgLAOYm/Dz90fwFh2hGn/FsUE\n+XHifc2VsAMSL9PXj1AvY2XWhhqoj4XHmBsHFoqG/kLos3vR6nfKuAl3V+Dcks5E\nSQIDAQAB\n-----END RSA PUBLIC KEY-----\n',_binary 'hegHj5BjVVzwlJqWXhzVyAHrNC3Mrj8VT3Z_rQFZLBIgZltyQknazfKeKUI1oHws2XOuZyMR9MCumrhWKA-Ot33g_Ky1M-44H73KQRQbItiWHo6Mr45I9_juDVABExlUrLoQyoktWlQDs41fFTMC0Mzqo8ZMbwmyXSRBUTeO2S8Szvsz1DvKIBX3kBkd5d9E7Y-4i84SidA9-81Ydh3d2EMpQQHgK3P-ybUPpVMdmvRlQJzEePF6UHgTMzbEd5jr4GIg49SWRmk0nlTvj42fa8cYM9oSmd-riOQHPVVgQX1CGZUQLJjAVkAec0RtV6Dsj2WXBdXT54KZhIb0Js5HP8zwL5jfdmnwYMWqKn_MYUWu0aVV-RzkuYDzcwivQnwx8a6PFTepURGHCZNID8eO9cBvEdR6eKJsAH6647G7xG7l1XCgEI40R4IITd0jU9ozmvdSPvpLHb0jmZCjMtm6qIbaOxQF-bqaYC2zZHjH_bc7-1moxnHsZ0ok1GBfNutvwFv1qlajmuJnVN1ASqme4huqg9AOzWVDH19yXpomuFuSm5-ZslNnMEKkxTll4UAK-boIoFha6IPHlKhR0KgqLPEUR_97qbXUiWFp_NUezmpxebZQ4wyf8Kv25FDR8dEw__2_D7TSBG3EcnW8x8mFw85a5oKjheyzSUvlqYu7OmeHcriN_1biStHpEz9k-bG9C8Vod-QvyG3BcxL_Y2qF4jtQvDcADpTRDtjrrP-Z7Rbd2WaYrq7sWy0LWNJ7jNtgs2s8DQkP9qJm_B5wYYDDkCq6Uy9pNy40R5VnXo1Br3Abj1vYF4wjmqVTDVvXsqfl4FDcmoEx7XZ6oGtTgBg4Z2uSaUd9GwHxt7GbS7l6EOk-qlU0kLysYgBG0yFZhTnJk-VrQRUJZljba62rW8vLhvtEmGWG0QbHwjuSIgaHRRjZcA01ABZ4CU2fqoCSclTQo7lOXATKGOYp-k4-7T1wMT_BdkZE11xCcrGNsrTfxp7Jr6Lu9iCMng7K3Z0w_h5yxm_nTgJZS4FwGMnabwIbn90Sys20cTp4HwZcRlJc5VrG8evEiWfHAW0CSDPW1TaeGS_U_v6zV_u60TXLNYs7plQOgTqdbfuIiGp3iW0bF_IoaKJc7jFLiS3HcoJVGRXLXQOWVslxAEF0xjBNTmwuDYDBLJ10U-ORvWNThOyHs7cF-BoNHC3CIeMN_StTlzq2A0UnqgQr56GQmzE-cifRWwn2QdnOtlM0q2MWvfPFcIAq0ND6XdFtrPsHJP14m0Ugl4fI7nWhdf9zcPe1y6AGd8S-zdpZItPldKN4z9AvCe7awdD4YHIH_71dmtQRV9EIfXY9ZPGJ-rb8BvEGj7E7qBsq7PVD1yL927urJuJOR4p68ezvkSSXf5mOhNVqJdIbShIj_abciN29ccCITTe1Z3MpuNutFC47Si7UJuVHSjowFEdbYVgGavCVyU-oCe-AIykv70uVr_2q5LGeHJDeHnieTlqzT6nsFldhJyjxaWx_fSR5a1din0em7PyZgMxqQreWlP7HYKIva6W28fLObSnCC60rf6smZTsjvgrbW460C75CrnP9GMfB3OX_eDDUF9ste2e3o5ZtWVKVwdjtsjSTgObhuP2waeykEQNsDkInlFf8uZNud9_1D4WlJGv9C9tjz0CTEV3BEWw_8-p0pQ9P9uISUDv-nTFj8BkAE3yg4vxDMYnHheimNLVvpX8yCW_8ii_dmd-PH4uTICl-Athxnai0hdsz9ebKpf7WUFeDe975XYDCgu7AsRyN0exNZLshVUrIOFB2CllKAnlGe0SHoCGCI-e1yYPOpMhjwT5jXAXKilJvAJgdF8U7ZmFagFp570wmjXHHuOy7rp4U7cbcKPDMsH7N9Vt0L_RxsRxtLzFy--OQ5BvTCEXLTrJMZ482DvGAbYB4ISN-hK2PZrqAqxTur07ugGh1i530tXsB9iVBA6ycybPmxSxnZcwCqPYfmJBtPs8YkZcOiMZHS6JElBw0C8xSI-LT-L9GDC0o74ZyhlKoEToGsGNu3Je0Gdw7W_JkxJEeCYs-LOoNmSvyYfRL0nF7YixSAFvruMyNWJyEYbwez3JkYbpwJp_zdjMcLV0BBKV6LwslBSxxNt7_iElkh8IkTA0Hu1a-NU8QVt_KnN7GNJo9C7Iaaf3V_o9SIOOnbKH8ohnhz6mTYBW1xsTMhEclxWT9aw95dPEaDVB9Wo3k-XRDiofL_RDsgErgXDGpvifAp7Olhjc4qz1B7imc_-aNYx0Xdf2M_CEp3g1oWbq1STVGiSynyMqskkd3QiH7grPl8g-zGlIBz_RcL-z2gQODL_840lVdAHQb_yTlNedMF7FlNf2yi3QUmEmuYyy-1UGaGQd1hCy4i1-c-Fk_8G4gU9PI6QATvlMg72GFtVD5fhnRLHmUtgpN5RC9RVpnGJvLemimomvdILale7glPs-bshiaK2H5kwat7WHfW7A8TFLyAz6MSnVxCXIC4RhCnDhyMJ2vE7B5E5BfelQ_qcWIKgj22bKSH6v1K6p2e1b4637Lqv3KxvsEi_i2hldOURoMgG1mL0j46TruZRbIlJ3J8Am8c0gs2j1ad1sIBuF884RFuhVCRTDKhPRI_NyWyPIc8v5kOkduI-_S2VsI7a54UOKL2PjBvcftVxEKM35KT0QKSbkhcZPJR6_9cfYKvyry3w--baZkVsBxGYNmGAzQDnLcUOKo-5eI3NSy2AHGWZvvBXimb05iGxe6MbeAI6jBcFd3e58cJKtIFcGZ577nwre_cPo67uzF4hVfrOzsBw4O-ktRxiH_pV6SWxJUaWzY5IXSPcgvJ2VB2RcfyTNgWFaffIk1lH3z4G5UndziFjUfx4WeWWIYIdfkycxCceqcj-ws5F2G1mWGaLSRCh7AKFUmzR2bJzcEFO_vGIyodfViaS1PgjA4lDb0n1Tga2MC5UbqYnIU7We5UItw7YJfeo3x2hMHTmaQNm2lVMSrW4JEbAjsjw7D'),(17,17,_binary '-----BEGIN RSA PUBLIC KEY-----\nMIIBIjANBgkqhkiG9w0BAQEFAAOCAQ8AMIIBCgKCAQEAt7Yt3Y9B6c7QwysV8jOW\n5Ix/vv9scHD+kE0qCe1XFt4jan1C38wRc4ztwUOzK1TLQ9yRs/4IBBJMf+Ry8gLH\na01O/gvNm4d/9LZukK4Qycyhi1I60ffuULsVBK4a1trCeR7uZJcDLmU5iPEY+90Y\nzad0814HRot3KxYKPEV2OGO/9aMChYbw26TGHY2tLp6WcxERCvGO07Ywa4lPggaF\nRW5aIoQxvrAJMfupNQYdoCMUp7WeQQ6jH42bKvFmxU/wfPNiUCyulzpY2YLsjLnP\nITC53jpWfM/FyM1RwfUHTs9nLBHyHu2t9b0YjEAMRAgDxYkiF3tjA9ahDFxizU4y\nLwIDAQAB\n-----END RSA PUBLIC KEY-----\n',_binary '2Gs2NwORIHTRtRy7pNXhoqWkn6jq25YYVZorNrRifsBOeoVOHbbBw8UllI79MNN1h0zlrgL0ZXSZGpcaRleCzdGIdy1YCUBP7hVe8DdODBHWonFjoj8chfv0vXAgRlfWh5X5qEdIEeYNWbVBg6-6m4LErW67TImxePUC00iVbj3tlEv8rCIwzii6U3DcoxNoDMwYk8xSLGEhE0w0TXAVE-o7CTUubjlFdREvt0QgiFjrXa0XAwnn25KOqRRgGpMUp93pVORuAngd-IWsCOOfxVeCl1jh0hIegf1RoYsFzfuV2-oJ09TmORg6WsEmfzk7ZZhJyd3EYK7xmuLPmnqLkgYfwog00blLSFyqmiHCzptiI12i6is4U13hnuiwPxWfAnCDL_r3UlXfiOcuB1YtznXOaHDXUcfAPaY0NqFPY_BkB2Px7nZZb2ZKRFA__4YeOnfutu-t9wFHyqFTPicXAzNFQ5liHIzLWHo2K-bPMTb0jle5D4fzDrXls-I-C1i4J15rIbmteE9FmtJeAnsKsksQq5BhhmxcVY5pZE6E-Ai0UgpR37H1vg4k-JbkXFuh19UxbcHnJnA2eq2J_yR5TQYDD9LQv8o5dNqev5XErIgO3FTPC3DKnqzCbG4b0OtH8Vs0jQ8pWoJTzrRon79ox-7Bhp2evKPgXgfIfOWlkFhGSKaxlrczSEcd9YKQ2VAkEYhTqzbwV5tHW102kY3RAURrtu9Mp-YIc7Xbfa9q9EgAPS-CtjdbsBlr3-X2vllXmi_5ByJWl6R7QrzwH_-Eg4wbPapK0mUkcgJ1aLGnAgZRc3vPaZv87fAm6KMRrp4rT0wNZwIalxp78dvj1RyKKexMr1N-eRmxAPj2Jy-4cFdIEl9svjB581kIZDFB8na9mW3bhJNwWsN0bYHdnPaQ51IvqMNbr8OBjc94cfw4MAIszHlfC34Toy0u-wHVFGCfFj1ucfI8wFRWM8IVugfMKv6N-UxC_Qv-qDkN69XWP_gXiHejZ1Sr1ZunKvd2kxDvLEuNZ8D5NWtMRYI54iipkr2EpuRPJfSBORK8Und76G3vpVbwZhn3_1Fc1o9JsPUy-JKyOyGGjM4XSLTGJfaNTSgYZX_pZKElzUkRT4WoxhA6_twF1UtVqiirXutEbsg_-9pRqabSViZC6dkRc6Mavjd_1ndj_vV684x0HrmRfCoUQRBvApiGTgUScHpliJ5tIY8HyXFzXpczRTD08aNH3SfmvD1RrqXUJBNDrT-zRrL7CcfDyPW81Cl5djbEIzJ7SIYSsvM6h4CNRZ-NqZb8hF14RY6Tc4uW0WDkGxUGbd_tDfa4FnNMwSkaOXVsY_NFzoMAi2iCa_kULJZ3KWkxJUIfFm1CtHRCWZpn6QTfv2GetvoWdZ0lAkOxSNokkjmXr8XEjS3ZEVNJqSl4a48qfg_61vsKDh_G4hpG76bnc0pBpAbodyWMnemk2VZX0FtpOyTdI-tYkorHHC4zHn0E2nMEEqVH1URk6Z7WvMCL4qmM7Q7ODdVez_A6D5CrMYvCBSAJ3-gFi7euTuK7nF560rdL4wju9ojiJ22VVcSzjKCg396mu7Dz_yTPX4cZcUJYhQ-yoUcSAcCeOwntm-AmywPYZjEbeWviFUghQfyD8V8FWPEtRDUQ72ntpPQSBmyBDOT9fQWdkUjkyNXkVoOfDL3blFtFsvN1O1DErEhx4Rkg9L5TPSxGZHN55aNVuFrOvmsexu6qbCVJf0raG4Cn1UZIYPs_S7gLfRSXZ83ZBCzSaIpbEAvll-X9YUV3bX17Nan67PjiExxjmmkocBli-iuVJYBGeoj5wgMxZqacvpNvjzUh2SqI3IIrNaaoiqhTq9JpQVHPjba8ct8zxl8qX-srvEogEv-xOdzyVYHI4i8Dlxb9SEmGc48Aln7cZGe2uXRZ79gUZM_7M1DDc6qZ8UX2Ec8rdSwtMSgXLj0BlzJUPyps3U8VGpgDFGruk__aiM3Kps9WFmCHfiiolE6-Thb44Ys1VK7pUVTRU7qci3vxrdjHk17MdfDa1S10XhRzpcPBH9lnenVbGVylbg5rue1c_gYCsJEi2uwNB_rN--Rz5iLSIAVAEnovyicHcRgAL4dg2drZspSJ46E2ty4il4G2oeZKFIFtVcQOfMGwJIHA0IXIbgJBBulhzMSuEg6USBkedKkxEcvc2xwyG9Xb3xpMIw3O3U2fFEme1sNV2tizvdi13vidFoXGXWjRze-1mXb5W1cGNkIlvn-E7UQxnkug59r9koNLR0ncs5oyEnA8xMa9exnTNqDAMSrr4cz8qw4ERpWg6RfL4z-iUL7Q5ONazF60nBGO3pAwnH7SPxSmHm61CrKqPvq-72qqUvpsOOIaWOA1S4LgerVFosElxt817Pz2oS5hcw0K6BpgXy-ZM9WktJmbI6JJzUsJnPRZpLridKuIJ_HvZ_d84-HfH-g6d2NjLqVXNa1Qylc4kCiYbIQSh3PhwTfQx3_VUh9k5EYCh9lNNXNSNQMO4C0UYtIjytOc1i79aEgzDyEL53P1GCKwTCtoFwq51qjO9oBlT2c-mNrg1CzOaTRvjy4m41UG3r_pvedvLgV0JZ8vE1E4P45Kzh0xcauBzovSPfcYKRuziO5WaUH_cy4ZUYSAu39OVwLtSVBtyG-r4RSNHWLnCzl_2IlzNH-jMKohrtrmWYefa-9yBBlmLLkF91WnAcsXd-AsQHnS-qyKgVy2cnvjUDeCZClahrigdYBsI6azo27kVhFwzaBsmFL0nTE96BBgqhUlmngbwFW_VgmZi4qff0xQwrwPJj3kWzvEngk9NnG6h0WjrNnXGNvm5zl73-qw6RluCZ3wHAQglTyhxuab7Oto0kc3c6l8vh5wLxGDUfwV03ekNSV1ph6Hnrj-SBU4RenRNV5_vHCnxAT4NRV745KxU2AqRs5ZnVYoXE7ikCJOy7YrNb-8GkhTDUyJKaTm3Xd8Tq9pXchnS-X-behxKGeyYM2GMH7Tipk='),(18,18,_binary '-----BEGIN RSA PUBLIC KEY-----\nMIIBIjANBgkqhkiG9w0BAQEFAAOCAQ8AMIIBCgKCAQEAr+z+mfhCNh2/GuIijAac\n+wYy/iHIO4O+ujVv30Fszw5VFve0bg/ZRr43U2XXNwNEEtJNBchJ9xYPCL2rtKfV\nBzR9ptZRWR8gAKSYTeD1vyum9HKfhukvVDKpPfstPK8zeSv9CWNqFTY66wZIhKbH\n7j9DXWCeM+V0la/KPMHX796pvpmBCh/F4s7o89xCQX5jDFqjZjDnD/mYkeZp4G2V\nN7dJOCE0w9M0A5w8oyQE1UctckYAFCJfv9XWbp+0oAJzfWYH+om3OkW4YinE91TW\nNV9Dle3+uEEZ7yxJHBuK7I3GcSDPH03St5vq0pkm9kK3VOlEalKZAYPEuryT5ogd\nXwIDAQAB\n-----END RSA PUBLIC KEY-----\n',_binary '5kJTo6rJ5b8Xcv7ofgm9FGnzTJhv2dfD9zv921vcLd2Cg-rzdpAqxEwAyrEgUdWyFfKntq1oK46RO3LiGjsB6y_HPbVVeCCsxMmu-JIWz1XZe9yQoKgpbGzDra3MGukesM29fHLrAuTmLZqW4crAJGUYJYpZOpF23bVlPBalgHicRZyHbKKCH-iQs2mz5Co5dSPiIfRQ22CrEPkT1p69DgT2fJwuhjsxFwX249o6BA2X6IXEYuKP5pkw1TX2QsNH1EpebBVn38zuABlGtZgp4NyXJrZT0J5WaKuTUecm9DcDL3x7-IuE-olZUB8VGBr4GX3CPAiaTqGzcnPmjvaKuFD6B2Lj3CZPSt6KA13qd3FE5iBIx28v8jqyktOS0tGZl8GPyBtY5CAeNwtvyiyAi9Z8D56vOr0SQQyH9ID2V06a3IvFs-sVvSIF7utXlNQS8c4xdJwuTAoUPol1K3rlPOBApYvF5d9a8htpijX7yaRkmv2LPeGbLht54lpNOce0G10rTe7HbItDO0agErL3ahX3VU2ZMPSQpjBu6JFYbDgXvVJcmF9-yL8eD7pX-o7F31d0JjyezzXDZmd_3G9d4X3BWsadx56e1g10O5PNOTnF4eoD5SVAQG06FGuvdRK3zVE8TEKhQaisSS6ziuLgdVQvWg6byTJ4B7zqBuU2NtZ9yblFM7aYWEpQ1yOyqq5LH9EP1ZYbXvlGA3UAGkuNM1OVvuP5AueRmSIQs3d4_LUHR4TScN7YB86xOzBpuiEul3to69I_RjydpJKPmKVrfMVBhHY4vF9rl0fGACktoz0bbjVxnipWhfF04Nlj_M3jyzruKZJUIk-KZeE8wUvqAUHVGfay9ye_7ts9XkzUmzb1KyJB3ckUrpKypDSukYNWdpzLPI3-XqH35FiHR2OWeFrZuZLmb-CKlaURWioT-bF-hSSwgJdoYK3NsPe7sNcsLJnHZXV-miwllMcyFMlU0MFxbmgz2ZGKc-L_P_KP8cgfvF6UbtP6KCBr90xjuaTqZ177isj7rQ8AI6beI-QkG__vB3jNj1yiidK1K8RuJxXSROZDzrJNE-B98qPIIxnGiTGea8irZjzAPrxwFlbIAq3uRWDfH_D2wptklDD6R8igQPk7n3NbL9_u6EKhUzAIQUUxNE-0sePQbXvPiwc8fu1I2QHou2QFzzTOseSE799JhDKwdBpjMk_jnfswjp_gcWugxMEpguW3v3_B68UFhYXdx0xxc3Shmpjo9WeuJZ2QA2hgg7XHPl20SJVxVfN0OWhyvpmusfnjL2OLnpNo4ODJ_3--pPugUunt98l-pT-2084Hy_O1ygxL9EvB2rIlABzy3K9SX5XTwKwVD09hHZf7B3unLCh_MBJSdBYzj2-s6J08ij5z_56MjFIkUl21R2RCMFfGHUIWukQM4x5HtK-CAsZ_ab1MfGqPhXtjQATMP4A6peQ1owDVINV8HQ0bit-LTwAJkkb-eTsgQrvGw8axud0pQppoPnu382qWRoY6EzxcH8EpQD1DUaQme03cpdmnr8AUn7X_LPBJcJ0mZPzaMP-F37ipkdIn_5mIz5rEjLspEKjkqcoL5tyh5aplTJOEapn_GgP3dgm-womDo4egyEjPXgHH6a8Uc9wKSV24A3BQir4PqbXRR3OZBGI43hsc7OPZJ29zJObWlvRVkacOa-imh_I0tV2JxNxn4XPynEHoOJkDBfl9UHCfmO9SDciEAfxTY37Tjd63qEq61bkTBnqGRQEp9PJo7l50tZkC5hxIrOH_BYx3KHT-x6KBbxtrDQg-cV5A7ZGuUFJNhtp9wEOiiQ0Oa6a6zcADTdP2QixCq2jOtxjjRG-r-pfrnI6rfQaUSbNltZkGAQ1Tk1dhKU0VIz57aShE_K1d3cEAKdjzRgbrdwg5OBo0uGSKWemZ-Qi0iOYyOEdP2NhrjtPRvOpVS2FVj3VeXUyzE6UCpykZn7TzfcKmvS8vueGrl6ufTgqtWxOC1Nu95Y9nRCKaOyFI_dBL4FWWZaoUz8SM8e43j34dmkCWk7WfP-89HB5LiQSQfk3n1-MkK17ZiEL__Va54D0j0E2e9yOm-eXfDa802gWhh17ILrO9T9oRU_ydhif6z9IG-C0QRXgwvx7t12zpGjOM-cDYxWbR4qaaMuAQ7Ibphj0IbHzdDZI2q56UPON9HwsIB69EC6Qe5ElxlIECCggWTgTtpgmGcZwWPF9LmM2MWwVJwsl5ObDzzxOr3hubKQOHug6xKCbljQIiuS_9EMwFrkJJ_jKRYxM-qvtGfJpNhmh0f1qeGABdQBUMax-Fc2yztYqGJrDBq0gkUnWwV1xmiVAaNVPRzL82DRCSD-7WPfYltB3NfPQz0k-Hpdw2U_VOyDYbqCtca_bL7avfy24CtOgcxL8SJNGZ7JX5GaioOpbVaJi0vtMdxVU-8tU3uLC_6YLjuwA44B1z1k4DptRiPf0uguPpjFaZCONrlgzhs4oJSPFFwuKWR0nsdmwGsxEckWXwQhSmO_WQ5nhpk6Q1nIPEbv6nRRGXyINaNCC0_W87n8PU7vUEVHk36S_oEspWaxJXGjimNgDjMeFrqvznATKCd1mfmoeW6ztoAgeBxdxrYvpAuFYqSEB8dMpyVtzZPNFbBNo1xvCSQ-gL1ng7Pk-OLdTDaHUouVsJhMchXvV5NHGaVPYJBIN2se8AYxZjYj9VqEbi9MCDy0ICaPnrh_WglfjCW_sDjNAaEqn3WZpZo-e_kU0PCVB6Fm42REPPTtAceGzEIQoB7WQ9Vtx9xiQuQOjBDIH6O0Pm-dFnlMxYWpC892Z6sKalE3yLn8RaurgyI0UwL37UlWI90XrxZ9J8k-NoZr2JwSEC_tW1QgGVZl_uGe06CFpsVnoR6GHJF32BwvqZRSSTE1cdhAlM2WUOCPYco7cLdm7jts2M1nOQviNvD4AbjdRXv_GYFjYCQt2mbesfZgj6aM1BcLsmDTtcq6ebTtDOpe-v-9tE6YzaQHU='),(19,19,_binary '-----BEGIN RSA PUBLIC KEY-----\nMIIBIjANBgkqhkiG9w0BAQEFAAOCAQ8AMIIBCgKCAQEAqTk+MTakBVYLTsLxOkvo\n/2tPAMFi29a3DkBs740UnDh+1XSdp+8cOPWrRdiVmCOfUWSQaviQnC8+dMVmCZE1\n/U/pwO+V4qiXj7XSxKOqgxbbtwzUcjq6Be8odhBD5AskJjHz7LFf7VR/d5p68UlP\n5Ra9sBfyzPDv+FBiBOwUCrYRiy2NEmKVWNY4x2p9NYy0ZIszz9Q4Yg+F6/M/4N3M\nkZj55dV6DSsTW5p0Z5LgoSRC28scP+aAgXWjph4MperKkrmb5QTf6cPuph+nNLEV\nSnPjEF/Ct0mmHJmN6BNaG2/JBwUIStAzurFld/xo3kfnnJeFnCICpDv2AAkJA6rD\n0QIDAQAB\n-----END RSA PUBLIC KEY-----\n',_binary 'PFozIHMEpcEuACtNFwmfYj4x15XTgLOxoXXAqOdxyUzRCoeVTsM_Z_xq-7y42YBokMmMSoZjtu89UciLceJlFfJ4VIdqvjd0K4j8ZBI_xRCI88tjN63HVliy5l9B-o4KHGoULvOvGzjs0ohVpY58HULmRd9IecGVRxCTegPoUUk_lkWoX2veaR7uCzB-gxE8FXi-wwbrBPoTyQzZsVsi73yg6BgfHTBdMcVN-6rsmMYGP2VIiihsIDlubHr5miHK8JobGQV2WVOxgKnmG9F5aW0P-x021oGEnk8oUiFAxThiHlnzx2pGZdRW37ythqqKo2vSm8OJSFt0xXdZGVLD9HJy2yWppfsVcdFZu--ZzzcQHgSVEiq9c0824zssZqcoSWJo5vMyN_ADBkeVZCHzrWkylOyAy11EkO8Ytwjjr-Tdu3UtWbrZDShmgPpTzC0rknkOzJy5NhsDIlBAZgv_TrETYsV-slGInw9Tba4D4YbPHCnEGONCWe60x6qiy1LoXJ_KroWIFDvF_OhTpQOWCdJ0UQJJyXurHGk4VT2oHqbO6SeZWPgRDP0zplKTMx4hGLzeNKOFrvp7pQz_d8AmhXS1CCIF5Wku6xhvN5i3Lkz7VXJgVhyfAEjf3pgDcbNHWZ2JCwRi47sZWDl0IrXBgRi0jSmfy7_FjO1htZbfTApirGt_VT14ftB4vireThomZGpVKFMHa9_CEXC-MEC2Qj8wADUbm-tbE1lBzmAMVggT6eKJXmoW1tcbSf0y0xUr5vFaI56Rpb41lPuyz-3EgFuFUBd8FdI0fdfZiof2KkFhg18obw9wwsmpZm9ENiPDQxJNfhDD4ReKNasXF23srd8LgnGDA4g7CihkIg-dqTcOf-P44pV0fGcLmM_vp_9qDMJ0-pRMZK2gYoJt8-If8O03Ks0xa5Vyo9DEAPAOD_00cBjD5qIUXunfKJd67uzcnPQNDCB1oBcNgwE_DAZqEJ_ernuYNxwFeu9EEyU7S7SBVG5HUBuLTa-xdSseMxpwgtHDvy_-rKKsdAv94-QdcqGonlmCxTq875y5T6i2eUdn39OIO77WAYEX_B9kPPLJ5rX85Nnsn7PYaeCyuJZLAvGs-5WUdVr5OYeGZwGLz8Kr3qosTh082oJwcDu1xtkRnN3ITY8ctCLnRu8D-Xe7VWW_IMyD3OB4kHOXfZM67JshLnBlyCTFxmCEkJ3Aos9s1dHhha8EqyT56zhwkikqIs3Z-ktwUM0QL3ioVpf4MxCpRYWFJxH32Vy_nanuc1dc2MaqilO06vzLBgO4hYE7ah249vQ5k93HAxUbA1FCf-FFBri-7PlDpKr8nPMXa4NlsUyHUsXneDAjpDSVafeCisFS0JVKz10DgB8ZegBuIPBgeroPWuAebGMnqVR6WVozIVWK9eZu5c2RJByFHiEtDXLALYh7i8vaBEtKVy57XT8Z-P_IGI1BvHJ8PI4hkelnSQS0aAm10nYScZyzQt0i0eUYNQfrAm0-dHaYob8QKUX_fRtbA6XSkSrYUIxxUu3cDMn95nrEzIMyXUpsRM3ClzVjoHxS68Qh-K3wYRsxHzNJKmmGMn-sotwrEddNyVLCK6TCbO1Gc3EBK7YRRwtYvmmvZXIo7A7vst-hl2ksFI-fz9aRAVxdqlgNyz8bTpqhilXq75Xk1SPGh5U4yj-WpcmekOYoxQfQ0EQvbxGSVZRw4GQ_8OZw81h0koYBjNLTn1xDjKJuePb1XlA7WgSSLoKpsaxwNU9GaD0DZ2ZIl0qqS1qBObwEoUrhsFS--Z1d1UXmhdWUarp87gV7JaajtmnZYpDK528f8g2IK4xKSXLQH0aeqRVKOwtnAbmh1V6f3HwK9Kh8DDAcvZGlL9iPpJ1G-gioze_xgxaFhXmcAA9UhTToyUNn4n-hZLM_QRrj4nmKJQh7Mk_QoHIwN99giG2Qqqro_lKq3s0cug8nLoDCjNl59rb4FAnBO8plMBTpqLUdI8kk_8fK8xUR59qAfHLIQ9ZlCKOosLtcZbpcsXeZ5OkREU_etUbOPyNrTfL2PRwqEBBwjUmN7cU61LdmSBalDTFT-R3NpOREJucvkg_8di_so6I_-ZKCjHlWC_lZFCJcFZY1tYHWKHkd1pwQURpfo0y36uWdoKHPXQfl-3KUwAVpU2f9NRQaKXyMLQBi9ErqRjfwZXr7QKWQnzvdifFNQfwOqCxtVuWT1FkqTA6q2ElK0HsOmKSVz-SUnhmRE3l874DTbJjDlHVsvJB74Ky-skudPg-lz6ZT1Ls7Z5IASlY1-fMgFHvGLFLOL2ovMzDoum-7beI0YGPdigRMti-qUlY-RI9AE_bqFqoDKY84NF1yPJkAv11oSrOMICdMlLY2Gp2Cj7HE_Zo7MVwIv3vAx1bbsQl1sSMpgUsXNIJqH3UXJNaa0bK8ybHEE02Ubvedj-FoFceykNumnE20jqLY8MIO8DkxbPnLhcfS73b89n5BIs2i_8d_uubCkqjxKs61Rj8vvIINrt2Wv27ws3kKblH3iK3Emg6uCudsHNDjzmshKJYQwDM98kZO1uvkFmuktfjtoUKnCyCl650YfI-3JeZcB1zLrNkSEg53iiwyae04FTHIIWj6pJhvAxQCWPWhnarC_UvIzPY3N0M_WGFYobUw6LwIPLrVBE090KhOZirAXmWHt2xFEcVGDJjjdIfnkgzI_T41EGL69mFBlv9vERWfAQVdktPYGuw1H5kZPFlSeKRTynAGsAkMdMH4oIgOGxIbDAngkksoh-OH_bB9K-ApxTp4l-x4KYY31gTmZkbiWqEwuJPK1B_AdsUDW5_9x0AIiRFUUR37G9kMA1IVVjj7l7BIzjGqI1Cg0T63moDf2gNBtNJtNHp5WZKPJUYuZeHK23NmEv4QdK-jsIKeAMeRiO6JuFtRaaDRqPeYPQ5-5ieSxmJkBMGElPKrfxUAmAv3oIE0-DpagPsIEFsgPlrWX5Kxc9eg2fLa3I6lMxY0TsX8l1OqOz79asKK'),(20,20,_binary '-----BEGIN RSA PUBLIC KEY-----\nMIIBIjANBgkqhkiG9w0BAQEFAAOCAQ8AMIIBCgKCAQEAs7JvaHB0arT9YtoYz8Td\nFZnZwb1NisOdh+TtxB0PpuS13F3tq3YXm5DufWDE7Xm9uGDFNLlfhou7aljB3e5T\nZfaBSEWWJZNlrBxALEKtkXdWebzOEaNZ678GXOL3B2mOdIcu6SDbhUzcEdUPgEBL\nhBcYLIQqK4AWaSyTkAOBGSkkPbiHB9AUmBQxhgzDQlKWwaGRnQ6JWhfAl//OzkdU\nS7vgo2PKl7dzizfnsHmiX2HKapIbDoT+/2f5m3Kg4N06KNu5Y4Je9lp2NpmWG3sw\nJOPyM1fKKKVb9DEOtknRUWgYVXy36zdycw+6oGowfH/d3U4d3CkjCovbaNe+vwFl\n0QIDAQAB\n-----END RSA PUBLIC KEY-----\n',_binary 'BdxnW6kuHhcNgysavZmBmDGmqOc8WYEiRltIXiC2W9n-B5M-LdAj511JXxzMjpd6vzSiO0ghKeBZh6tBtV0F9L9EOm5HgbiGfUzfuX2Y673f-OFqgDkpPyHPKbiGyz_S7RQQB2sgfMcKTv8PsiQHtkfydWmRiGxzUU6aIRnKCeVPiH1YEEV2oKHsWewiwdnBmfYcUcbET2lrnbNjV7xPbfFCj9L1s8Vbiw-B1savM_tHXa88obvZRvTx7JaSrkfnkWJqk9mQaD48bZ9lucKX7uq2blHCgylpd7lradHbRNRKtRPWoXbeG4CipqQTFZ8SLkbmwvHd_Q6h_vK1147qmY042CpXO6Tyx4rWqNeAVTjFsxXqd7B5n99a-XDKMd1bpWntSL3gp-XKzdpNmTi4GKm6hISsKQF4aQWuHLKHOMuoenX9ldVs5YDobJOPWUrQE8tE3WbjqX8itPPFXc9T1rgrJgTd7wh-G-tikh5yf1JItNHKIy39osret_N2EeXTMwAaaBORqjR8pn1kUgHFHix5wI_6nd03GusOVeVbho1JN_TcEddje_aGxcSwU0tyjcZzFSWT53TaXLCXd8RuycsRaKbfiY-uHgCeJ6F3hSIw0GjsmZ1WaaMEW6Hs9G96vUlWbH8PwP9U-pFdeUWlrQVhPbbpDKXsYpdpywaXfw3IkGq8AZPaJ_oQwNT-CWf4WMkrFms3emXtzMMCj8Iq_wGympor7k0Al-F7ImDB25p1hZD4UnGn3-Qwn-8klYpceFAp4tlOjSNT2lzK2iNtW_pw9W9Tb6tYK73HGjRKLUOx_poQQjiyvcFAuP2fyTI4uJQISHmKR5pih_2gY9nG3hbBv5BQhu98WjxWxxQD_9qya-o0SEcfqhDLi4XU8N9QetcnTjjQ_6zXHr6I2z_QFstrVpK8QFcrW8zqTAhjDlKhbyHipzbKIwQToeB4T-9dxWFaBgsAcJ91sXP7ZrRI6JaZ0vwR8qfsOH0WPEzx0Q_qQ0BSPbi66h_JPrtals1eWMPaQ4G8dD0yer3jqg72zbnI1uTgl4-fxUWciTB7C03UbRd5WRmgEIwNH0mULRJ1iaAuuMjnsIwLq3D4cDeCOIwsRuujYjRA3fRfco6nA9FV2F5pQYSNN-dHtOzPIvo3rruYVwaE8IbvuhpI1-Nnrwi27iQeQF3VDwu33ZnpfgXQX-KJU3atlBcvMmxfYztzHhza9RRAL-PEeVaGAVA73JFl0F96AKd9gxB0hBqpMVHetl0VBV_xhcu93ry_lmjlzeMY9vFlq2M1WW97QCxQd5YR6e_fC_eg4gU8RTsIKCMRydBIcfaVHZxtFZQoPxVXUqLAcYgJyz1C4d6pBjXQbftX5LTMxenH5-1itNZISks89LR4Qd4-Mq6CdCOYJKqxNrlhBN_R2Z9qWYz-iH664-mZGU3wMRsbZso7h4jkugQZfdsG5bhJAss2zycW0eyOrwuWYv2Rij6RjGAER4k1pl0nYZENtvHOtPc7DiuH7giCejHGduKVOKrC5cnq3KSt2yhcsHQIyiUEg2u_9E_bJ3kb7FF4cE-TmLaT98svD4tfeHETMWKJsrgvPwkVLeuu2K5DON1nI0OOy9tw__7d4rqdes92-yS90F4Qcdo8wbwXCBL7ZUSeY0mGJ6bsk286bPi7zAuAPjYQnmFwQxE1RMtzA0OnSDzhd-bCur-7Z96hVzlupTRIEnTnwgbhcu6IJnBXkgAVza9uIjlV4zp5xh4iLqGAmj7axCAHlE2cANQGSKESOiluQBCZ63MgE0sONuG4Yt10VGpDQ33h01NZsuODS4wA5f9TCIMJa4iNtLu3D2TOlwGwtLi8RYKkqvOeJ1a3LJ2xVUxKbt28okQWDB4eBSQ6lGOqytwkcSHTPwAulj1rntj_njchJzxGuXFtZVuDwtcxSazEXCpS3W-SEhCn5nZVlpWqGExNSOGC5QRNifcy1NYio4wGeXoixipiQTewp1wITQLRS8B-ThgidWUsnwrANnJFI728DhpjoJMsPu4MAG15J1E9Euq8vjV44oq_ZSkxnpM_5iaqnPSVpeDZBHD_u6P7WNMH-Wb2FR-FrSmnvN0kS44BHS6oIWhs254JzVyRyka42ljJxu8tPk7AlMo3eU2RtE4PkCpnphxy55TCG5I2RpOygzVRi5FAdPzWgl25CzacvXyI_LnrB0VXMys5gA2VvW7puwoIFUIMKK-Mu8GQLJzIEI6GQA6XZY6F2nI7Vbc4etnYS5HE0PJp0-4TpkbvmL7g3giwOwyPvLyGbyIhdl0Fn43nbDAAYM2lrOzvEUITZgZCVARrFQ_mvQMzCYpWOFeGnzCZV_gEtoENJwogixfeigpLgxJLxZBK0gi9r075iJNAPsxs64HYZg82a05B5Ha3TBOZ3blsT1DSpHoyG6qfMPYAkxyhbM2WfPcICFSQan3oWig8Qsp3-TfQ_THy0CK8_b-7Z4K2bj42AmWZaDzRZzjEMYXouu03dgL5b11maXvpZcw_Q1znY0Ewo0vOR7mMiD7o6Iv6b5LpZVXnGOivnKH4OCV0tRXYA48qH-2Puh60u9hA9rGYx9XFF4E0DkdB_gVnAhUP6HqFia6PM5Uy-yC_g84N6QTjVCKQWsnuSkd5oPoMBbd3v4EVdKzGrRzdt2frv-xYCpJ0GegnSofU_VKJPE_g6-9uCVUbV8zZ-zcWXTJcwhka-XkIWNolW7OrupHXMrs85OEZjp4JOCrruBbZggT3eFZGIcpR873KK0gxqwZVdd_Gqo2hbDtmw2mFseWSu_j9niW_LpoiwO7jeBCmxOUuxAk3F9dkhFhOW-Gcu3rqrt8vrqE9TFaucu88ZcveTxQn8VLbqWjRcadgTIvoYK6FhebVzlsEVJSygeG5n9vliFgo-W7ugYx12pwK4dHdJQ1w8TAhSxYydjok-J_4hK2okF9HFQWIfCJO0NxqLFW-_pvMpWBb7VDs168DUsgPAfu_8sYjZKBEvdK47Dn7j83V'),(21,21,_binary '-----BEGIN RSA PUBLIC KEY-----\nMIIBIjANBgkqhkiG9w0BAQEFAAOCAQ8AMIIBCgKCAQEAyf5KtFkOlTtJblIYJYIb\nu2GccpbvhoLtuEQVmxP9gzUnznnpY2yz3ANFoIV3gFkbthtQKJV4ZEfLhLXjTgPl\nlhkNoZHzKKBTOCdPJ4SSCKzDxb84Rw2mBsslcH4rs0t6aAzNA20S1qm0DQfWGTVk\n6gXolUbqAMFKQzvIdASDSrsaavRzX6T4oLOcI5B1pYdf6Myg3dDsxw5agUARlcQf\nWtB6H5lwGi63Ub/PH0ip5nsKfqODu+fq0ERqmt8dLkB51YUoXfdtXRywo+/rjLvO\nNNJ1G5Gg6GhnoUw4c3AXpVkDq9l4zoEnu7EGsHmJdkpS8+lFyaeDv1LVXfe3ZqDi\nTQIDAQAB\n-----END RSA PUBLIC KEY-----\n',_binary '-y8kT79IYuBYpyyMa0kahYjTE-b1EzvO2F7YOzFOqUFoJ_0vomMEWwMwENeJyyvdVKgmdQDdQtvLooSJUyMzl-h466ziDMeNBwM8mlEs5gwOo-B1nMRc5elucJosWDgcwR6F_ctxI2grXp7nAfxi9_pQZg7mxfAR2KWj3E3aJB9cyM0aQZiN-vFy5uudGr4XhN-kPWFIyxuhZjAy-ec9dSRP8kFLkuH-iyWzJvvf99GAMPo4jJXV4U39HcVCPtim1b-FQUq39RF25_tOIntDMB_x7Bib_iYspJySotuIBM-_v-Dzvl0Kis3NNYjBbZ2CMqP4Bkyhgl5nWgWV9g_VihUoa3kZchByp3LVqfwZ9MiM5wEGP8QanA5UsIxwB4R1XKmtA7yYSnXsSFTrODyu3dZdGUlCwNQoIchlM3A-JRe4zJLqeKfPwwCNEZfGLBXh3ALRpeIQNbaQX3OezLM-CE1YVAZfR3iWi8LMbT9_u3oGDbpVPrFK9J16kIrpahMk3265rdi0XdWDxH0KiYvHECIiHCQUgLQK-gAoYM4A0kQTWq50_YnYdHkBdKh7c11u6hRxSvarnz92eFW-kGG-LRV4cgxAEKu0h2Qxkg1SwaldXLqB0SQcy8bWICBvB1XbEwvN_LotsBOQGoXSwx2BRU4TIPlOboRiMEHHRsIdqUfj9ijehyEFx6UnS_sXM_A1VVawqBt8UzORbZmLbMlIS99-fpgThgpK9eRBdSSjsh3HUFp263pK5Q-KAXVO4UKR3JG61XsbVc8dmADbH2O_OBd1lY2epC9okJ19v5JwAOhPrnXhUU2cdcNlSL5YObXStNf2eBMoEjwMyvHv0Xa_0xv9OEEsM6fBV6fUitZ0CrCBgIz_VkzRNAJdxd9tMbUHcD3eAxvxoTjxfN4PumVFL9RM9JZcVzcMBsj9pDU_inwxDY7nAivxozAT0zx3vbA7IwIrjt2-inR88798lYTUWNSL7TI-o87WWcxwPVvYua0fOJb2M42dE75vMVYs9xqN0CuvOtCLupGw4xypF_riW1sFcPIbxTCTRrLPURmDbv-f29kFym_SbOjZ8pdQPJQ_YGZUe2wv3e4MVYG_r6pC9xtdYdltOm27AVjv1ee3CUwBR3K-VQz1AjkiPy7obOESkkWsM1nq6n-YhaJpGITmOYaX5z0WeqyOGeK55Bjq0gKiQWfXiZUPr2VcW3TVqvpNl4V4XCG6WEJ5hKBT53fenxDGWS5Iakv6DLCOMga6PQR-D2NvJfK4zJ51jlqpDJAGTAdm5QjTK98mtclvJnJEK56VJJnVVX7g6dJ2ikBEb6FnA6G4VQGQutR6pyCTPzLMybxR5c7JrIdcXCMIsqKokf54ZiBCNuFUn1xx7ZA2fNJsGftfY5BGF1HBZnrwp1XnoL5TC-HNnd4M-xKDrOiyB-B8VGALex_mT1GY4MfK0hu2pbuAhJUjIyA436SZ1g0gesNxqNYASWJHCE7dcKVqG6ttHLxBrw4U8PideqMlS_VTAc1s9WJqhifbEbXrL7hMJDofkpskwXHYRTjsy8OJ6zZFqVbgjhK-sivUaVHusv8foZxv-m6IhXcM7hwQYGhff6xXU_J1BU418pWn2DZ7ZuowmDlUQlcAdDA2Y5WNrPt4iFP0UQCKpmR-2X-t2hkc6JUYJY5obS5NiS9lfPDHnHXrjQpeir2EYPAkYuTdhE9WYXFh70GdN7b0MPaFMWz5_gY56UDcBDbMKUQOiWFSft_hnCF1Vsw2EVKX5_Xz0pWbo81RbUSCr5GpFCYGHUFRt7j_0BQscdxTVXCDx4_hdFAlM4jEfbDNBz-8HK5l4s00_QcmLSBme9FQSd7CK50PFAPw5IRsEVTYaknuGgW1OPjx0W-zqGaj0ySH-Rx7AQZ8wEg8ZC-Fs81PxoubJuMl3yhb1YR9QC2rV2OGKIIoISyB_6rzMq5DE4hVaGlbLtfVRH9hT5FG9N5JuvoxgcmtsU698I8aeBZ1peTEv0YRYTAtQt4edxY7rub8hEDP_4HkDL_jLOqKdameOaib1IK6PPhjORbQ0TEKUOkIJ_cKkwHkGZFu6wS8VmcrUMm8ADp4NOuOfAER0eqqajO6kT-PuB5BsCVCpQG1ur3M_zuCDbR7Gb99mRSVDRs21OeH8T92zvy0O3-RYNLab9hMdYQ478Zcg5z-zUCg27GonHxxZ0E7wCNyXYZYz-6uzhQEMhGp7s0bt9DuaIO9hVtnoYc4S7A_eMazRoDWZKlr1LDxs2_lGdPWRjOLaQSeUO4KHDeAKZf-VznwuRqpBkWCVeOTKaKGugwBQURdr4RNci2MRcIfb7RVlUa0Xp6355IS0RRTWdFF3diPJBA6uDOzuM1g2mvK1E_sYD9ncjcUpEoDsxsR8b70BdLpCyk4M3Hoe1Vk6cnK5Hc7bG5bjPMYrBMrrMV_3YYHG43m66spTkjIiOzutINPKYUD3Ft9-FoGgOlaWTTZSsyOi29bCn9VQhTPqJ7BLLKjpxT0Q_OpRX6VDW-7tA1qAzFPG5N_zDwTHcTeTzl3b13mpiqfBO3WRcBMZ3UTM1Ok8jknMcjBB4PdPg5lgT42B-rbUD9QLsnP8C6SzzSDjqV0zFWX2W5Guyc_-LJlXVdNWMiDVhp3WDYnC5UKLIMQxdIYI24ptYtejXOoPYQ8h2qpeBFwBO8TzcMWv_vOk37Vs60dDK5Q3KTR5eFe3pjyn4GMVMwcCo7zhypGdwQFjhu-zJvY44MlW-lUwPWXz3fspS4smn4OLjHKtgmrMtr8ORoCATq8pQm8LtZ7RPJvXHmc5KYxlm8O8om8mmK7fRQVSbyx1EeFE9m-aRHwm6DaQIpUgKpDFgSUGo8rmk2_BETsZF31UwyHNsXyu4wn-2WQiTzPwvJ_WmuqqUsRAtjeDyuI_xwqMMTxjn2TFQ7FuQHZL3IRWFToJs3iUGiG0q1YSwz5Hro7kDqvnVZ6tEWJOn91dPogI0ESgPgN6JMp_5VUuR7vghY='),(22,22,_binary '-----BEGIN RSA PUBLIC KEY-----\nMIIBIjANBgkqhkiG9w0BAQEFAAOCAQ8AMIIBCgKCAQEA6jQB2v5CIjagvYP/KoA1\nEUioUxIBHxrFfjmcmBwe6Cq2B0T3MfteoG0p9YoVbbBm0PoDSAfs72ckpGroD6Cq\n4ElRZd4Daja9uRsoRRC671ABMINLmXbvbi+rn71YvSiHEPundDSOliX8Mdfqv4FY\n91hEEADxLfAerGaSC6w9d1zdz/puqpdYae1ihymtJusI/uP7Kg7xOEPM7fUsKhNp\nHHu9fnzH8kuITkdEJbWfy+2p9910aT2jkCN92ghlU87V+8AJtmaN3V2DhKYUOYs0\nwMkjbnk3CK+ifxn7Q5puqO9o37FhJ3xW+VhEYXDyLRIqb6sn/kArXhc8Mp4Ao3AI\nywIDAQAB\n-----END RSA PUBLIC KEY-----\n',_binary 'WV1dXFG9eMsVDDLzF3Yhx56nGfeRzDj7wEE0ZcsBUcma5kjHgy1--kMI_AHLAE10Znq_Qwc3JJ6Buuh67F69lHFRfibRSuXPxqd5l4j7R8MeasP5Vy0DFyafEbKwcZwm4dDzRtL3lm6BSOpaZkW5-gMi6cYir_awmqCn-kom66zluCSn7z2TOcpdD0QdMklLUyAnAka84zJU2Kpbap_xwUhnhku4aonu5xVfb1GwvclyIztPUbCFpqoPwcrm1DpexEz1ImniYyGfiqh8_BkT69Wp9QCTQiiKH9geGC0yE5sTEBG7obLyJAnuNnVTvkbMJF_4GkkOZaW7_Ds2Tvsi1VIbI6MYBOZHwwFmuxmoSUfUJASff67yDwfPyuw8bKjsJQ_8O8U9LtdkFvxxFLVd-fWEah9WSChsrkYETmKp2yBSBE39-67g61qL4eGzh6EU6f1rBg4yb_dNc_o99vjpoIUW4cX4U2rlL92qkE1qUQW9c4KIlv965NpOaFgc2VL0EWoiXNorZBn2Or7KXWIcww7Td2xofvykls2lvKDoeA-ie73oa7u52cjjVvD79th0GFp2YWlpKE3qSsfCXp3B3KceyvTh1Li8L_WGMlhGRaMt2Zdkw3HxMTGyDf7L9-9FT0vFJywsgKXPir5tkZBnQ67fIDHhOxi4vgVPt6KNSAsONZ6x1CdbaM0ZeLVmYtg-0MyvadyQoWd4B923Czp31GoAqFghXYdD0yPD_oBSfkPulZYAE7pQLfkCPSyMUhTm6zCoFd9nKvGXfMss5pgRqLfc9rs4DeEi76u3lH9Lcy2-bO9XRq1z89NkiSEHm2hyoM4VCAirTgtjl7McRIgUiVMbmz9tjoqZoeJ10mVVqFnh0pRKT54b0105YdUTiXu2syOaSGg4inwEtn4qtVaGQMvjv0P19jhNCPyLHpvxADDtGcN0y3KYT8znNkBDewQDTC3MXW43OBC0rgn3buqOCEJkMH7GtMgVVR6ctMW3VKj9qc2XB1OC811IIIJqPtUo8XOG80IrfeYWcmLs0AJcvDl0kk7gZOyuq5hUbFJk8MGzJnIw8lqzhoJGGsYphxVAvbn_fa3_0OfIfAYBYt-b-RE7cgCkb2ebGghsDlE3HomPSI13KXSFfx-0VxI3fu0HolT99QvKD-825Wb604IWKfR5dX7PMgbMl_osqHDEqh6w9medqp3iC8ysVwJSp862lV8l4r0_hSlDmK7ssft574ur6yCEDHTRU-pYpqZuLFEho9n2TtqaIOkzmvqU3myz7OAbibESmBBj_MkN9DDzutkf-ug9NRox80MKtYe3uZw2GrJngUudQQW-LvY80NjhYqeN4g8DUpBx1Jh7JRqOn368isUHxM0Fv85eXr_jJAeHBPIUdhIHJBQFsXmraverE6XeZ4amQqmdkiCu24QX7sUj6ls792aM7qQ8dayjYtxyhZQNhQBDzgSuR_b_wlUd822-CcBtB1psWS-lP5LlNEGOKD5M8qqOIvsQUDZxY6WMXUk3NN7UnbqzAPceQ8TWxV2DHLIif9uuK765h-YRIUf-FHKUBgkh80gMNcQNhV5Z5F-paus4bAn_G4xgT-R9Vitr26QMQ6YgV6vS4YzZ4aSgQXa6Y1Y8331ydCGRrNW82EdLK9_PVN7QyWCatWm8YFquqVgVTFx6j0aYRVGHGS4NUwfMGM10KvSdod7KBscoT014ChDl6nTzKzZ6FAw_1e4CxrpKPvpXkKjc1L3A8kUnWJkva66EP0Z3uFuP9GxeOtEq_Hl4vyRezJVLG9_nPD0M6feSuMgUnjt7N0SZlnwgjq33lDakIilD8vox5KpKddMCiL7vcuuMH8PZ1emfqMQFiJ5slsBfSWj9M39qAA3oX9ESUCHzPsbxT_XpSjKrioLchf87baDU4zS01XpspThJkHOR-QAixYoZfMr2WgoKNlDuR9_WlCZdXlYJcqpfwOb6O9DO3owhH7bAgFDidGT1ZussW_77teGB-2GpNl4guJeAsdc6InOx29rb-6IzUkfJ1yHCNtFDNnqjQeM2-lAdNZuGBzgj1lTqxyagu_B67omuUZTVZQloU3qH7NPnEnKIfBpBw7tEQkkJ6japWrRUC385awnW6NjHU5VyYd2hRpCCKOX4FUXJWSUa5oz6yUBPAgd4dk7LtLk4XTG1CR3Ul4v2KZ2RS5uQYRmo3uL8kt_M1vs-ywijVyhMph_CA5eQ_BfLpl-WAEmbeKYZd4eFGqdaHidP0ndDRl5SBZep43EhatkT09FSRYaD5-AGL-SQyRVYQbK8vX5qWzKq3qu-oHEDRRuQjyZ3lyspoBB2sTDzrbnaCA42lyiED4wFLi7DUp9SbHadTyc9vpv1pOezE0yrDGxXTYOrm5ZwWOttoS0D5m4Q4tcMdZm1uImLdfpQeoLPAKh-faPdbgnqohe8hO6vhHHsCbw92XmMW74mDX3oSD6r1EykbKjteSGH9KeT-rL-lGaUZN1tVSYAg3X5oAsfAmGG9Eh6tzpPPhkQf_p4aY2oC0fKC4euIzGpM5my0mSWq9l4kjFQZnzG9LjRtXzGoAhYFHpy3D02lBZdt60A70I0Me1ZdfKk3kqptfcZjHZb0jjiejfgQmQ3iSz5qwC4MoXV_eaXrA_pP8iWxfYkiSNCd2f3EwtIdcKSN1F8t97j018s2a-ctjfJW3BZ5pz9KQp57DPwjdO7GD19ByOuTj3CarFlAFHHuOLV_G7-4-d4f84R4Bq-zWl2BhbiW6zPrq4n5l2DQNHH9Fwf7hrxtzXZmFXYIFl6mmV9N4Ys2y8VqBDV7uXNfkgb_AyyiZcnYImbyoBlqnhrCq1V6OPVGSwwZYRqryd94Nchy6TeKXP10dtExD5hqyK8RMqhHa9Q3fWyEol_MxKsY7uUKd76YaHqhjyLFuTQxeMiZrICdZPaNmV3zL-eKWeSIhA2pl5TQcNNmrL0jG7SZVAovnOJzoUJ17aeWiu99N3kyvA6Z9d8NyqGP43T59a_'),(23,23,_binary '-----BEGIN RSA PUBLIC KEY-----\nMIIBIjANBgkqhkiG9w0BAQEFAAOCAQ8AMIIBCgKCAQEArXlH7dty0LTCAD76x0TI\nqNwAvvfFhX6dzm7Pt4x7GG52yTR5OWAV0FM7vPIAyg0nsPIh+i8umkzlOh+bISI7\nwMfW0doggQgUA52K7uVyDFZBvw2hfD/5s+PycLw/NfjxJc4nhurMTAafw55y2UbT\npCWkiDc8YUVI+YTytZw7r/wuv9OgDnmXl9ei9aePcEEuDy/myROBArQGWWhmHh9+\nsW1Pp/fS6vEVA9ekjtBMHGt4TdBJ/VZ6TAeE2/uIFsj2iLgVITxv2nYmhVUMmnIn\n/vJ0ridhrmHG9kdRmJenPLWUNMOLHJf7uVlAGrvnhywJrCsuoCSpZqcuO4tEnxQS\nrwIDAQAB\n-----END RSA PUBLIC KEY-----\n',_binary 'A71gyBISZ0a3OB_JB2NnuPOUxkkaML-ZclG7kCULbfpviRYbcYRcguAARWIyTAvwUCDnoCK9RKZp_DDvUpbKrVGKIDHMdY0X-BM12Wi8zE17wqI7yfjRRN0PNj4DbcjaYW2OXRKI6lwBQVLjduNBbt_eL6rLKj2zx-2zvkjtOH2n9hks2mHXP9XNYcP8pdWlMCZNaatEj5NTr9_o6obHcbs-o655t0i_KJ23fTVJaC2-5Vu7hK_OFfOiCc06QvoRW0yWHBwV3sK4SoZAvjVsAJmjQG7B9DCNZd3Sro92-73tZoF0M8vGnrfe43Q9N4clGa97tiCqr9GgzmeN1ZgFUG57977WRyIuUA6oeUghTIhWj1uYIDVeJvsWeB6XBpQMALdux3oxPmaQlNa0urmQDZPm_u5UlG5zPlaDi3ecND44WtmyK7VNuCbzady0Y_W-YMD6WulZVEeT870W1gTJg-LqPjFPhoJn9RbxAtnd2ManuqlsDgNZFIqsHpbaVPIocnmmo8QlebCWAwkBA1TjCIexAvfyBNJdr8ZMtHk1yobbOiYXW_3NM6nBPlGV0Mds47TWjiybZe1nwAXXd5UkWZgYflubvB1tMk0AteiFXGDIbYTiQXfDa-oeu7LBNTm_VE9xTWLTQ9rPyKAXlMx46cL9x6zYU5ApVkT9KgBzWIU_EyRJy48dVP-FXgyEud4qZL4LmYu6flt9YhuhLiHN0e9KXbfzXb1Ml0S5gWsFJVCnhvbI5dsUoIdd9F7eHuyiuA1HSDoOfR8c7yEPCKVkd3ATQPN-J8b3cBymMZ_EkDuLEG2ShZR_TtmPoyFYyScyfrrMxquuhCtFoB-ovzVd3tfayDFqRmp8LGPOLkMhmPJN_C_H5V0gJ9phHoS3r1uIaVEwD5PcpCrKRdRpEINvvz2V5aOPU3bgBnN1M1rz1IOqcHM9iwOm261ctW0BRiAR4tSpwGR8nYuw-UlMt4DAOCUdChQHNkdep_2MG4nm9ekhShx-0wqU1EHpk-p-uEStRX81ShLOk-g6tUUleuH4S2w62yakYMSCwKluvA0b7A0eI25Ed0axbD4Gbv9dzvaugZgY68O7mitjh6bfr5aQVTPOjWgQ9sK5rA6BYpZIGeWxtdlEL2Z0W4EHpqapiNY4vp-D35MB0AFnRvozr2sbfrEc_ZhR0rOzxa3QOTAeg0P8S065SYlQkgJvn-pnU-E4ljG4O8jUc2gFpkQR3EytF7BZoVXAac4MjiS8sQFMaBhT7vsF77iZQ2DKiyJZ6RG2ECYpETcoUL8xW3jm6sLkUpiOzWcNIl8iRM_s3OjN_rhhDl9RWfiEmEB9iVevZhqmkVe1TLfX3ogVKYApWSZ4uGmsIIvhnB5q4oSHHP6QSHa34DctDRMVYBm3VjM4YUrvjmD3LjkNzDgOoC6zNFb7JAzY71MLeIPPnygYS2f3YXVmW9D2pnMZfqQ3Ha58fzExgIheHwTzgh6FrEGKQU0_UX4xrLYRTrFLBMpbat9twk1XK-viyYNPF2x_W6ZGvL32Ri8YsGZjfDLpFXHdKoYUXWF_ZG5bz1I7IqZgEI4yGutGnlO3cKo1XfF7JmnEUELOft-Doq_4FgSOHn97DRzRU4yHBMM_sTuO3d_k9TwA8TX9ljvHesj1BLic4p_eFj-kQg7qaRJurhzP4anM9rsK8Yect-qcGvbOVWcHWSLtyItEMdAluI38iuMnBP6PTqOzgBp6YFzeYfU8cJ6BhPBqyRaoLUyqOju8_k8ijVnYC-qh8mMxY57uR2Lt3doI0OYUgAR0ZN1Ykhk62eDF8a_wrxHqidWwa-aNHG_ADLj7CsxJ-QdeO3wBWJrctm3NRevWS7rcSXDpRDdwTMMlDocpH_HyNrnjHRgg1mRreEv5zPJkymkobtjTjOir_Aqqi1145Yf-djMbmAgPo_8qp8lMPwcim2ob9PVwtpAAXm2rMCEw0gNDRzZfOLy-v5K2j6Eml0Mobe8_wrmPjNNPzRQL1etZG3hF9UfnXtd5N5OD01EbqbnbUnjAws6UeYn_8Q-WS4mg16-zxqBnHBE71CZOMYjZehr0BHbYCWhFv466VHf-9UuA8yBx1v4XFMJa-mMpxAG4QXWVu4Y9mB57squYO4NzFr6HN2PyepoctenjD2oc8_kt443EATP4Y7FCIeUUCtjyYfn9PWkKt_04UQ8GECJHASzBCvtSB_OWwFrQKQDPPwCwfp-cICF4TxJCArAJ5BV0yUJ4gy3ovnYDrVlmIyQ6sH6Te61yI32ra_k7-ywVRXpQiD17puCh_swdLo9mx-QP7MKGtKjRGZ_gAmf4th66qhdfJCgyR6r54YNOl0bkVPgjCIX1fKQbKgvIosLudQcNDvCqdPqYnubiuRYqiv5gQFFAIqfLZ0GZH0EggSJq_VrZS8dmOZ7uoCYR5dUmtgmuZM_qtvzFnK6a10QS8sVxcqa4P1T1OhDuO8LjyT7J27gwZZQEqM6AWlICorkGd6-nxT0o1shTU_u_vuaJGH77rH3toaiJN-A37MTaBb9rzagh3BzYqQdfEgPu9-7_HEjStBhPPRQM2pxbkWlNeAhsFDri4sh1oK-vbFtmLzQv8L4teolgQFnLIC_d3gubhPweKePhqkF34HUGBAOk6sr-DJSnro5vF3xHxVNNtbn6a-kxqd7gKwHmnlHIBRMF3-okoEqFWi7ppNAEzN41QaYLb_ve-FiNh0UcTU_Um5JbtWhR36c9pOiqn8z30OdM3_5ZaJme-LlXDQ3mV1kteCBXdD8fkDK6Gm6UCtklzjNR7udRE4b-xqq4p0gEzUziCXYdKiMAzuFkDefE-fThBYQPKOrnE-3gTR61d1-hC0oqXW7BCQ2vCxgxEq0FylX-U0AyhoLC7YDBz84aLc8h0KWPzEY9Lxl9cbozya0Mj6y8ylJadBJmeW6k9CZZXe9mzgaiZCSW_IFWLNCa40vjV6zgsAXp6FxO8RrVMIH3QMNGlTZBVxKqsNvoyxY='),(24,24,_binary '-----BEGIN RSA PUBLIC KEY-----\nMIIBIjANBgkqhkiG9w0BAQEFAAOCAQ8AMIIBCgKCAQEAqjb9oiYCxdYbavjk1/VX\nAxJ2KiImqokZarD3rXXemL7dBgvhbQctkOUVe/jLsqkGyL1QpnotJKFZMWZo5sKa\netoXcYcLT4MNkYDB1L1f23E5yghCKXaIJlugjlMPd//ns4iWep4wKBXSID3Kt5kB\ngHQHp5yRzjWmgNfcVMt9DC8YhD5KFr3aMdbFYT6HahWx5FMG5FJZXuUR6vQkdBUf\ntRB/e9E2XQxdkCNKBjydaQ2tCjZq9TsNJGZYsHZ3nHtPVK9HxjebRBMs2uen/KDN\nDsFLQZIsBi8r8+kLb2h3TudRux89cyXQRmIwusTZ/TZ6q2cxwgmSfkYzaPDZ7nRJ\nnQIDAQAB\n-----END RSA PUBLIC KEY-----\n',_binary '4tmb86_YBVz0kdAwQ6rb_xrEa-GecH0uz_7RDZ94wkpliQZm7ydxW5VU8rxhRwTj1k6BHU3cOVketOYG8bzceUwTYZRwYmqiYsBD28uCI9DXyRsAf5-EFR6YJ6OqIu28nOOgTOvBP4p6EDjf2YgQvPcfaZ6fcKb0jkYiIlF9ifCVVJ0BRqbqxJSBL8aARvirv4qDSwoxiUPQPJjd4qVuN_2yl_O1Ycd8URyFeZazoQVkLzbgcpcD_0TUgts9cO-C9LUjxJgBLwiH1fzMwKWrIKcKlQ8vQCzcR0WLOIfHWlorgByJtwFWNmn3SUE1cSfUk8NGsIRpQfmZvJax1RAiBaza0kI-oTj9i8lAX4DpMlJTTGbeRABaGC3hTxK7zzwRQz0vTLHLMTsSL7ybb86WZBjO9AllgCrqSGX8cTXwJuX4fPX-3rx1Thu-87bzkk7xLh7HNfzNdy31fc2AShJ4nu6oraRdcdgqqrMrwns2i7wiO6PJeDydYffZT7a3_KYqU6iaCuNh2xkCs5ZwOtkQIdXQrfDcDyhC3TfBu2xa5QwneAsH4HDJbHr7IKg7VH2hiu3umDB3eeGhxSm-1QYyDUkzp91CeNoRaOGZNtxUslJeXMWpAahgt_uWowG2x6SnFwvps0yY3Yug46o-5g9ZqIjzo1V8em0gQcAQF3HkI9nHaF-yDBB0pUVZ7CH3bjiHAO0lu2VlflRQ0ro1JOJAaKtpafdC1YZBWjktugcDC1hbDg79Uf8bgUS-tK297SfUnGyl599f3n9JIZlBrdNGqEnsNhYgCByIx-YNGVstunoXPX4dmXImpX-z8jcrGUwDJ0h5UwDh9NVAV2t6klKbNbWn25BuWSVGD1J2xLF0veCWzOtszerVF-EfdevNKEyxgXcs0jvgdWYaZeBNBpkYgAOejEzuIbBTcNhGwzBzPydTEDeLEmOln2gtEvaexiF-qW8h_gaVMntqOvwlYnsPkiAE3dLpnyvhVtMZwZJEUGJL5tiVagEqJxESyuLi2NtNyuwkS5OORvsMxudxMy-JvJGEefeNafsfeOUrcHY9ioA_pv64rfpG_bcQBkcY8HydxxA672bPyv-3esqADSLGWDwKetHH0di1ljbtt__4_EzQxAUa8cvOVANX89dJtUrduwLc-Ig0TuE4DlNMOnKL4fcr1QakomLlKYS8USbWeazcANsGce3LM7oNJqlRDeU2IOZp0fQIBDO4iueuHddweu0A2yb52GdU1Od7DE2aNR0oI_0hrYI2d1SuW0zVQ4zTltDCiBna7510OaqMM5n9DlW0qDKRcDq0iPLwet5szDVXF31HAFYiqkJXQnFHDZxwdfxG0LewN4AGuAURwpb0dwiHFDNvEpNMv1EhWGTx8r5hW7iP-K6yhcP_6cbD82HE9qH1g1vlq2UuLtKnws-g_apk7UBT-HL4imWsCUXtyeS2K6EPrEGQA2EktZD0kmZGLIP237pP8Yqkq3SuGWVZInoDrnQums5UspT-3NlXhJlLzxYkFqVPb2Y6Otb4bCfnLX2VqU0qn1-hW9czSlXaNM81yTV36YqU4Z-bTz9cVB4K0b7QkNThJFsgsVM6iMqc5_KmxOPqf9bF_34fJLHm-kcat4UWw1zr9ci_lEOOYYXRUrMNZdzb-Rmya_SGfljuk9Hd66wmtxQbm3_J9aqVmRdh5M3bPg5O9BBHIQAfJZ7HFOsJcZ2_wFWq0sLeYZCb6FhU59aeJyrL1Xj9F2qsgn3zW506OKdWlLoROOXmkpohAdEhN0g64rvPP_5unUT4HH6YIZ_vT1u7r2DecfR8NrptbDvsqzWKoQn78l1lEa_467hOUS3i90LeXX7kkldC0QaiVOxeVMk94D_UtX2eoMWeYcZHj1atthWxrDle1hkYL1K2ArPrbdAdm2shW2rLebrmuHT3ga7Crg2OZhmjU12ONawqAn83xSiwPDwv9LRN9JfaHcga9JTNB8Ov-Y18HU9PQQrZUIU0iJR8G4BiAfsM19CgYyt0CtW0025gU7pMTfAlu7XTn6nsILEIJ83FKYyjG0lduDferRACTH4Pd3ebQNQg7ETx3XRJzAkU-TcdNTQ7SgXxyR8xLKBhI8qSdlJS3wEtm0P4GSoXuLZE6ATMqUk9pd-y5_xfpT4qjrbdo9owwcj3l2LAMRLU9MJ0ziwL5UJj1bge549i-D7CKxh5t9f4nz_R62WxxzEDJosWNxm0uNM2RveRjP6NhAvjGUcUuggqce31Bk4eP7d0u_ahlOD6cFrdHuZm2m7vvCVEk-1Wta8lYhaLmooFb1pcM5zgDyHuAaG88OJRrbh5wx4ehXI-lBKZc-HQRcrvM70eEOMKlO-hu5jjbkDDKP29q9W34VhYFF6RUwrHsLnSVArBHcgNukk6AZEXCi0yIzHNWABsP302EpgDDLFaqr8FmAssCNgKHyn1Xj9UdOe8HnStag0hsEJ5u6RgjC5yKpx8bASDHctSmYfQQRXbeYuHnWSOU00BxLJDMtGu85O2E1G5JfrcmQkXefsayQAVEER45zOsIY05fS_je-ocuXINWrBAjjB-F1l_57U0CQt0cEWoLqaPvTZW2k7DzNwl0cQaq_nGENW9EHi86olkSc1CQ1HAgQLk7TgmI6s7_vSl658kL1xNE-8F0Qg0h7w8ps9q5x-z-KVeGnQGq0qWx8YxcNL51HR_Mj0Me4EPtgoAj-NLGaL0KHcAk5TRS1XQEhDNu-ArreZ5Q-B8qjEDFWSbYhXCG5i_qjFVYAc_w2OKaPc4ZEW4eAakw2mTkzJwzubqJXPGc2E8i0wB6kbTHHZBnJdoqukFhN4RSlmRfTQDNhRLCxtv1xT_oFt3sve3VoIg1qlgVWrc-FoaOm0gDmP-viy2CzFl5mRsr9wKPp92-c9DlgMwsvWx5iwFxChl4AEBvGfNt6_Prluu6kU-R2vdqvl6fxp5VKdgveVQpc9ecDUqthY1hE9l8_QeCpE2nFcvLu2g0_mhfOPlk70='),(25,25,_binary '-----BEGIN RSA PUBLIC KEY-----\nMIIBIjANBgkqhkiG9w0BAQEFAAOCAQ8AMIIBCgKCAQEAt2In61607WlMEE/Nddsc\n/VgBcASwOYqLxCmd2j3hCflD+/fLSaRoeRbcoUZ2zI23aKXPOgHMjUsCb3VjVcTK\nez5w+yUABO40MBQfWqbrDLzcb4v9RfZeJ5Mgk0F/HqvI2nzx04JOsNSJEASoIro/\nCwz06ufp1MjMxJlQi9ppsFRx7I+aMWj29VLS/tXNRoNN1FU5oVN/g2G9qNbaJ4Ay\ne/LzPtsalc9z0X0mzwEPM3hfQMsCJkVxLBEptvKj6daah9y+4kwy/115MU+QImNf\nZB073cU2NzN0Fr2W3mWvK/cG5cChvPPnDG+uC+Z+la07GHKIR6SIITxeMAeAszRu\nswIDAQAB\n-----END RSA PUBLIC KEY-----\n',_binary 'QWbVdtPaUmSuvpI_n9APbsfaCAgpHHRGxEj8_2tb1YC-IRyqEt2Uv1PIuPnuB7ngUHZ7iqOnWGXzBfQdMw9JHzeQTKvj6BaEDLFMQU6J4dMTyArjvLX-T4ClzCX7z14a8I1I4j2oNrNtxF2uYLB-s3MmOSesLTeLFJ8NNTChWNpcixgU_zbX7Sp_u-4fsVJtAOVYslPiXeMxe-WMuTCqSKPOH0Ko5jxHQ3-pSb5YAYvEMWITtBVTXgVSzfRZfxfgI2ft7RiLdaYxMCZErWS1ZSkAaQn1Qq_4lIS8-Q4_ohPqvUDJT96VUBNhUS9VnVqe8yJfD83mWnEvmaMXoZNHzP5coWu3OtmBQlYXVXHes36OHJ0xiqYjVAUzZyVMrGqiHH72XwYzo2LqJvV3YObaO7npCQWNBVCuTxOS7V2UT2E__5uZlzWXuoX4Gl5DqPWNwr_AizyAUTxlbSYe5cCOGB16L3-hE2DfYbV7p22KZMUyl3kvVxzjuT8heg3LcbUsGkjUET5S-Ks7cmPCZzY5MpSUFx-4LMd2i3Dcou7-s0QsP7BOEvCy6sr43bmrTho89zD4L2nYQmNGlWMk1stzEDRD0aM1q8KEL-t2bOFi3_M_jGlBjsNtS5swrPscb6sK8SqbL2lrQk5O_4DkWG1FC5yGTQDvf52mYyTyhe8dpCx4fU83zkCdDeqVEA_qKkxuw94rPE4qCcWhSuk9MufAF46NUPV1aZAVrxBYtIbJ2cYpYarN7KtmivLEOT5ztMNsxXXeMUVGe0Mmk4sBQccf8lGsj66kNThfeZIvdwK_0bfkeOHyaZKZop21P3kdA_96lKUXX6I2bCx0j4BuWxPEw0PYXwnJfWjCakQoR4bUc2Csh6bZIqFhWpxq5-R94sSHIvC71EkBxVC_jUmsRishb1kEByyruw-f5U6pY3MpSWid0KfDCfG_BkPtpgORiDhY2CA3PvnH0gxLno3fxVD9k1kEzFVNAqRkJzCWzk3FWDe6Ipahdpzp5-pq9JTv2dtW7cfHx9hOzimFzWy-OsnA5INIbs_LTFSK-LZqHJ_ShEEFqX6nvO9KUuG6HZBaLUHnWfAyiAva5rVOPJbqm0nJTMdcWY-ZkAzfcWeLorGK1k2OoaPVnNz_59sEddY7l4Pj9z2ofJvMjMQAJDnfyLAXHLurJWcjsGLo7HSjzhY3oMaUwYl_bbs9BRKfnm6xpiYbIWpHUQ_lEw-1y7Zc6393V7dD7jEcfCaGixfNBSS06utXJ9z_luEw2EMVRbIAnSVuMHIzbMUr1QgAIJ1DIhAkqCEwXjY9y4otw90qGg-nbDsVXuXiQ05AlGGUS5xahak6c6BtA49a_M3sTaMfsjP5cR769BEeL8etoKXRCGwUrgt85Svb5GYCFpvr8m0rbBsqIiRKHovOQTdRdIdFrI22W6a1vZwmbSa2-tdetFHKLMXvgneK8nfbRD5Qk6YWqar_Q7bnI-TCz9QYYdV5iQEiduKTcyQmtTPZ3z9XM5Q5DeX047nPCTX1prRqRuh-gsKCTkpd3Z125Sp5jqnClVbQeQcaum285-WvMyp0rbN7gCYfDRMK7qPNqLUJMnI926cj_6lPcfvu_T1PJBx2IOdb-IL50-qDV6jszZIZuypXC11m8BY1amzvgPKK53kXAhofiU8e4glzvLw44iey4_6rdX5cEsPq3aQd9rNT22tQ5h5KfqhTveuFgdLVOOuwezhk496jUjzpG4KZRCmqkM3XaotvkAezcYx_ahR1qGCVNDdlhe0pjHEE49edky6ElP9hpW_EnpzsTAlv8G9tHEid_Fs0IbNR6SlwnlmDE1bKOVB5y9UKRlJ1Cnk5hNi020P0ct7iJS67cxl3Snu_17gR5HUnYzdoJ5ftXd0x23-9twc0xXFBRe1bBrOW1x351YEr06oPNcWdsW9NBaP3A9XjCfUWXQXWUrvfGWhZT7p2rsQolHctpBKNrRWxFtQcQmXLizIaS0d0WWIBdVdy7Va0Ngnz-2PGEpcTu3bgJkOeCWhOrPF1Ht0xaLanRuUPszx9WLxt1nq_iPlKIFVHBXXz8eakgGD1w8fNto04x-g6y0TjqEN6dMYKLOV6M16aLrHUu-Qd2tTAY16UHmU3YkcEA0Yi8FdMQ9HZEtPQvKSVQWkTwSccQ5BYbWTAaLOP3l-exzGL4LoA9DerGrcu2HwvQofhdqb40EnGBounD-6wzid_YliEelpg57k3phWDeuNd33Rt7HSEllEYRRcro4G7jpYMqAUJ3HtNlDqeIZZvVrdOJmRIm7SZviLU6qb37GRofbLJuWBzPj4mOuSOZaZtQ5e9e8aEAKpVZr6iiG8e_rlwsOKvt4xMs26TMvW-A-1cUYkFs9B5CW0C5x0tqoeDbIzRqT9h7PYcCYILCz6Q4G1VTgRb3ooTFm89C5WyhCECq-cVWdOjlJbLZ6wV3_SzGFdqB8If9h1FCwOYcKDa2f-DSMbWKWoT6jFXg1tJZDkDKY1Gx2Pmhm3pX-iuoBcy2Ozk6fQRHUDOz0M4A0wRGz0yj0cgQjmVpkJigcqmP0f2XYLC9f4vvvf4_JzkYhA3legtUmm2d4pXCobXdB2o-K06wrT4ic__YFZdMTGq4j1D47PMowbuavc-FnJJ0Q15LqHuavbetEwinJScDQvcPVt7FjsN-e6mJpsmsYbw4ngiiz_hqeZqIhNnbLqGT4X50GVYn4q0XwcYz9aGgdFlYKRYjhNAQ6bqKuJo_kXmWOmvJrTPtkdQxfEuXllTM0jAvKJHibCp5UgGjfA3QOCrGC32o86KrVJSEYxQv3MuRraoiiRTbkuG24tOv217ba4QlhHzo6_8ffsdIVgiX081qc2qQ0UHxAistxWF7ev3yQJ05tIgADyEUaIYTEv4uLNt2Kzh7DNMTc85hgir8qOIp36zPaxRBzD1wig301CY7EnuHJ470etdgAllS6tk322rYxEUBdu9Mlr0x6HX_ldNv0oJyv7SdCAZJkWs67mmAjN8'),(26,26,_binary '-----BEGIN RSA PUBLIC KEY-----\nMIIBIjANBgkqhkiG9w0BAQEFAAOCAQ8AMIIBCgKCAQEAwBr7Dn5JvkcQKkQDEhMi\nlahdzhp5H+S8gkYJYP7qYgd549X6gg3UG7D9LbNdlt6tvdSxGPLQpmaOhVL+VOtW\nuvEa/GdYWAGPzQDBaxD7IQ6kE7QH+qUKKsLP/u6WXCwRVYDNNQ1VCTGqpkRhsyyS\n71gZSEKsfhHxbq3lBCNKvIDQv1usdZUIpVMurykrsIGD4tsQUigMdEYO1W67IJgf\ni6PejXMNtNX4W7h2qYRxMoeTVxF5HR6EiHhWsF31ubFSAglqzFmvJEdhGANSlp4S\nnOCHSsUpmHFnWnUKrjr/pDme03JUw+yuu1CJ11LGXn5WaRYq4JGEJh1ht8Lx5ndg\n3QIDAQAB\n-----END RSA PUBLIC KEY-----\n',_binary 'VBJs0WkLvvpr7kORx10xs9UY1OlqlTGP3JdVnh_qxOg-4cObMMzdnq4kogDeCN_wHcmwhQwMBYMZwoT8hGAHbVdP2Wql50X5BCVwzPkIDOki3zKAa4GlslzwwJcHX7LYOXpQ_0XuGhqC4OC2slQ6wLRHL-ZRcTdfbKQqPUKE0W-gzi6fLG-PS_LGEMUOXOApmZ2Gk4WvRgKSvr8tj62mPzosEtMqVUUT4pQGcsnQ8MwJMShVdzPDeVRYvxwf9Nh77m3khlzT4ZGdK5GdPiYDqolNwYBNCGAU_0Njp2r3sS_aFs9GZfZk4FoqBjgvrKdjzyX6KpJf3gIrihPuy4atNID6fCpRfZhbtwVVUT88R7CecqZgoAMtyXzrcIwzixNIM5EZfVU7s22InPf0tapsHleAe1pf2xHV7ZxpVdI1AfOjhcmqzLjrw6TNENUsmxGiGQza5mbdwhTeY4CQPCKqKVKiqBkue5zwQL7bTkP5HHLbZ1dJbJcLM_SQNo8Y1FAR3EZKHm9jzQ3Cf2IKWvjWwZlTsV2oFm9ul2wC6suFM-0V9VTbpWhAwW-M9VmxVg5BvoZKfohHnnmIsqIzgoVb9C_lfMKgb5em07Sq6GM2DsahKW5N3R06aNo2nCshksxP6S0PrXRjpDiZj-X9WZ3EbIq5xkfM-8-IPnF2CCTvPfre0c98cj8ZM03Prt8J3FZHokhVNLnw97FE0SlWfU0bqDYAvizUlPgnQF47VkaUXt2BgkbY9PILhwHXw6XjJNpK_HQhmIoNQ1GBgIczjLRH97BIqFpHHPhDa9JEDMOdMkCHcY8fqDgsVIDun8n0NIYoNu-tHTty_f3LyvTexTfjIu3X9CC1O6_fAkMbK_K11Ui11hYTwGNc1CXbP9XniFSGA6-OpZynD7Yyampo8xJTmLoXpJeQiJ-wXYC-TCdUmtpanrm4yMbx4r6GLULTV_XWcLHLsQzO5BI5Jd4uux8a3kV6LvtAmsv4Id9WAPjUuuA1GpcXuSXMwKYgWQvw3urHQXwgPh8kgjWWY34AduaPQje449k8DIA_I7f6lQp4kkAnx5-BsjljIQw-mEhcVHDrAm1E2bKO7kEKgSCi8zmTJOfqwDfbwgqVHmMWn46QvqRJNdaptK2VRwh0uTm3_rI8ImFMxxOXpu8PFAmcIrreP6Ak3lJP3aj3XnT1Mgj36VUwkF452_e5I3seY2DydyMFiD-E6MUA8ba2VjTDbhXz1NgLGfoSAQQaZV7u76pdsiKSIr71bPXs5LR-AiEys9r0QPtKvnRSfRwJIyz1I_R-Hyrl5uaqrxuVroo2fDBBejQT6ibAzX-fNYTh7y5-4iNKn-8b9t-3P093_ZFbvResVblkP7L7MjqiaM44Hg7UKOiZ5GfXXzjxOfv9f3_M3nyadaR-PGgpVxharolKaA0ij4rK6DnNHLy7OhcSKNTPzDkm_23Md-soWFDfUj1bq78WDjgTmyl8wfCFa90XPmAr_5-gqzzqTKmmFqJVL8oYcB8RGJpxJeVVm6NqJkT6fXoq6okMY2I7Q7zeLtuu8L1HgEGvCQs5Mm0okYtBO0i5edsOvI8wsMPDuIiMZ9p5xQdKdym6pi4MXcYFC1QlmESrKVa-8iAEs4yzC7EOv-ux6RaTSt2JziAbeV2QM4mH2_MGmZxWls9XLdSZhTnb7KzyJLLWAm2QzXKT5lGH92FLiYm-D5rtAMy7ZMCj8bqhg1OPX2CIuoqD5MxicPUdPxTBfcHOwViXC8RnnYJThwcUyON-yxFPkER0zE_y2q7gFcFtfGQbGObABPqAql3FurthgoStoJf-dzRulfRNyNlZL9NjnjpJLqv2fXI1-X-J7pfllyBP699RJqbcvjqotZE0VMO3YpceDSSY4B68FpLOUhsU_Mc30IbSUYVLgIVwoAMIx1cA2s8e-L37Q7dQmiTCNVRXjDPViE5wmm-ywhwr7roymCzja7oVj8mQz7-HAFx1Dm4EC6OQk7y8mXl4-JZhjzm_1-FfWyvzFDwozzI9d5r88RJbILZPKP75p0IZElzsXAA4MZsUtNONq323utZenyw7zO0HmctBtMyaIEsDxqd5yLDoXN_uQVEe0FyvO36DZxIFCEIIpAOp1pe-Bt5F1K2gH_YCsQwnQ2CEU8Gu1G8j11LJslligqhq6R2bOUrhCIqzsFuYY_fxdUGcGBNwb1fvCLWj4V42He8MlkEJu_ysFNAw2jPjSYW2c5Mw3QBvRkzJ9XbDDgvssONfWonrhVE4yrR_Z6o7s_qWTl0InbLMVoG9pWSr9Zx7bNcMkB1b1qbX6QwVwRabmNtYD--uD2GjsoA87ka5kItaCRMkylnUskPhrbdEKeBOEd53mP_LYdsCO0Xb9EYrCnIzXAVzJJer4UyfEzJvg32AlPm-MeYP6ZusqA_FvHLMbmNCMfpuHk_DsgakIORZ-YHCjPtyOfhEAALgdb6Qh-DePK6wOT1GbbX-bCbjonZeuvoKaJ3X8SFFy4dj-W-HjN7wOsN_Yug569ciKjIyAorIQgQvSYCAGS3vx003nfZ3xnGD1ubOnD-PuH6b7iM5NQQPeYZmMF4zyHoYGtzlyys1XgjM1e95SPlRmVspYvUxmjBfJ4rTfyTgEdgiPXeXWjv7QmflQnDfEBv6AJAuMlQyUDYdAdIQ56NzqJLfzyCjS9CS_MUPrbec0uZM8r1KoelInGeYlz80slslkMPK81JeRStJdQAEO0YvccL8N1pYfCqDw8DoHpEZ4wPl-KS1nTyXFCFWPYI-YqUYxg6k6SLZqo-f0M22hwB8RmhzA4ZP_k6yAAysx-JMCyz8udyvkKBSwonDjUOY9O-jIeyxyNts8ZPysE5cldOAhG1D4BYOxshQut1Apmj2h9FO1gSTMuPW9khEZFx3EIcveRfdSRQFrt1Ae3dmNgTQssxN4RMZkxZ2EC0QuDlGYwqSW2BLxLHcWfdLt0meU-NQesn3S6S2zwMJ5rXLNz3e1yL2MdxCUDg='),(27,27,_binary '-----BEGIN RSA PUBLIC KEY-----\nMIIBIjANBgkqhkiG9w0BAQEFAAOCAQ8AMIIBCgKCAQEAksVS/uqCdu83eGvw4cZY\nmhGA5VR64AD8FF1RqSkAmt8I60WdXOzjelbIQ8lRtFgVEnQInYlpCAVMTapU55GU\nF1UMOde+DDllm6SPT8AW83LtEDETs4sshRzOQGR25ZnpHySR65HsvTWMY8R5wnDb\n3RbYX23sxIEL5xJ3ZTcT155xm4mAGwumm488fYQipKkEDo4SnLaIi3YW6KTijhAn\no1kFTgBwU4znWeAm2RIK7UOFYJHSxGAx3m9UV2sW/apUrsB5B0azPxxEPmmOKscv\nfneBdJ4BY3QUtFeNg4oqijd9N4IQKydd0sAQfbmS+QM/Se/sEIr9/6W6SvX+spcx\nDQIDAQAB\n-----END RSA PUBLIC KEY-----\n',_binary 'oB2-SJpCRW2QGASlqMoaHC17evPDZfvtZg8uwcFeuAgu80N0z4ur-mL63cblOeKnFcFqBBt16mOsdBhcVr895_MGbyYSpRu9I-CJSZxGxi0iAB8R-XZZPtkZspu78HzOpkMqUnEDcHoUOmFM85iBpsJSVAGTc9DrwPUsSrQDLqlWAnr-h5NX2Pircqkx35AbaVxrYZ6-QpxSl8aHn6b8xNsd9b9JMhqPVcT4rICqLKcW7OY_mo43NALwbMjbsZsm00Ye-tfj85sSw0SVjxkzC20_UigzmsvCn-OU4zCZwcz3J8Fjg2KudShqj8RCTr3z3OTb-d0wlBdRzbFwdvzuD9aCWqPZcXUGV1yoBmKjWg6IExuSfc3JioCgMmiA3Bisax3edNznflnVNWxjymc3pII_9h0Yf6zolDU_VTrEEtoAgyD3U82Z6ebtDIDflwtNVf193giYAqUY2dGwqCSLCz4QwINQFADunks1XchUle4ZzxIEaPDx4IiJJM3oD290yNbHmo5lP0v43YAF0UpRpihZ2YGYzvdA09LECIXyXh2wgT9V0SEk9-t9ayGD5eDXeva169frifODIy7kbrag_F2BZZ8gW7ur47sGUPWY7uxMmpF74UkMLvNjAtrZz_exItMGgbNaUwQFudQ12v3IfqRRbvmvP2kqY-bZlZEOjXTnOpxod0kuqo86f8Ii5VshVx5-LbqNytM2Kpm_2d5qC5HxMLP1W6JzHCYogWPk0w2H06vzeb3vDiPVSc1-TbycL5XY9iTEjwRxSsyA4R_J2_pnkfZ09O4nwt84IkdzbzHfIz4hZTcGrCocvyNjYN-SGnf2VVKWMr45x0ucCFdwnnYnjmOxi30tLlwxlJgGEqNAc9bxcMLQlUrXEUGvZnaNVz54_5KGLcE9I2ikjFK1T-Clqpnxebhu6LfEZ41OjNWm4XYCzZPUWvqxPO-GkhK8-jC3IC6J4f0P1RJV03h0gfDJR0SMgk1jXoNg8b7-SBR6wtN-uI7PCbrdNUyMJeNaB5tiMj5m8MZ0O6bvdrDAsnUCW1LdFuMI_lq1SdgazCHg1ziqLrkcLV-U7t9EzSwZLFv0UQNLK3yBMekKzlQXCbAKXopn9WSBdf61hOQmCwKzldtuMy_rOxiuCcjzZOgRHLZFlY4bbPhV-BtM_a_qm-wcuZarfYbv2_t6a_BQOBrZMsYBApkXnjeTz5oL8t4luuSlGnqLydNr2tt3FwtviKFQ6rYQ20gVqm5CuR5o8yNGICD32QZnyT0VcNDTO91PNxwpK88KnK9aTrYu28FBfdAs6vcB2ero-ld_t2PvFcgI6n8ZASyAhbdyKZa8NwZp8fFEQ7gxSSEWVbPt_sc37WJZx2Mtuhod9snUhGOSrKTNtwIkv0yecAyr1yIrZM8MAx9BrnuWZY30m-uQm3cqFq0pj_k2zp15L4Q2CAhZWyK2kFPJ5R2h_lT6X4oKw3FPGFCQkAs3J29zoeLNFInFREPT66P65YehhbSSjLM3XYuVxtexsIPa0zu5RcWu8DvH8lo52Olos53N1vPTW4e2JqvajIGO6L9qm8_6zJOVEyDCXuISqymzhx5V1d8j8CxOeV75qpYfUBKU-3mykJv_akmWS4s7Op3XNPnitUYUnoIw2eYbY-tyjUoLqWohYq1apemLNo5GLmO10zvwqVKrsdDzIBzdJyhsKwBMTP2M31KXwgqp42XMRR5doOjWNj464U1umxDi9rDykWQFYURUj6Nb9WjHb0cYNv8mCDxi32BZZugISh4NujIJzpP6jHIi0FexM0CJ5zR_jzP-VgLVCxW9EsZZz76IiOVCSE_qJV-MhAmtFHod0ovR05IkJEdDhNb8Ucrn6Q54QsyPyzWbqjKQRnObeoDT44mZXBuOGK04XcuaYyBdPxLh0kVPfTdFAW9NDWwYtX095yeI63YhtdqfalGd47l2YUPb1SJgx7p5FFeYpc7UoKMAnwMWj1ZyF37ppINWaDYhjCg6RFeyaaJXT8JRonZM6n7Eb0sOEXKg5rLijsk80xQ_NhJOheJe3aw25xDfkdh3RN2QbONfCHIi1pQBzkgBmisidQ1vwqmRsdOEPltqayN4EaifF0jHEnnY5jofRgbGCGXT9OH6iKQNY2WCPNuhCj9kF6Tp4KcCYPkpnJhYMITTYs-Lw6h29olzAR4bvH0KyGkf_aHJPZ6yPafqwLVdTNQi1QkHV0RmEQXZb7FJd2RXpCPGst6a_EO_H7OjDjPQ9ZxuRF185q3ygO6HRLJiIUVijmzo_uq8lsjeEXqWEiJWXECpu4A3WlFhnZWMFWB-SHW5CCJlGXB44WhcYfRWy_JQY9fDvZfdQ15KF2KvzMfQDIzRY32B_X8kj2aOZhUWJJ48QQEqlCmX_1xbgM2rC_I8ytka50r7Xy38BoD7NZ7MbqY86c8hrB6JAU4rI543-7Qo0FoX_y-Va3mz1nbPAUgQWLjPu1o3zeHeLQ8g1kfUTVN8Ijfdti9HK21dAIIWEReXfLYRFG7mNyTrOv5aZz58JSGtVWm6P0gPq-J8ZCMFbNgBcA8jJAFqpXN8FivuD3C6YFUSJtVI7E4eVcvMOcMU4M_kgdFIwaYsm9GqlMBLqSIfKzQOXXDNgCLVjIKtqsmFRnscY23Tz4UVcWVtwlzbbffP-cmeBMeDdUFNyMcZYX4iJwLJ1ZKn7WuOqX8N6EGVD8UYCqiECs31ziYT3o3r-Sv5oKMUBeU_Rgx-piZz7B6QbZxlgnQvdW7WF2B0NEAD3yo5rU3j3eX8HC-p2jB1KYRnyuVbdTdZDJMMFCrCKJMNJ_LC8ak_3KSAAFv8gpf7TwmB4T1CrqDq8EliP6q-kq35LlrXPAZdTtIY46W2lsGBpozKPSBE6WWDvcPSaKpT47fgyZbHvTDE1Q3AuTmVUwHRuNNsk8RPkpOwcCQCjb_T8lM9_RpdhAlup1LtyPc7j5KMukKbDFRKjuhBrzvzYzQEoQKE6E9ijUzVyS815NY='),(28,28,_binary '-----BEGIN RSA PUBLIC KEY-----\nMIIBIjANBgkqhkiG9w0BAQEFAAOCAQ8AMIIBCgKCAQEA1XumN+zpzkB8wAFlaPKF\nrUdfBExTJOKi/OgA+ts0k9J4WzWSNtMRqXnpBsBIXu+hkznc24uYrKbbdSRR9ndF\ncLBM0feh/nMSc4N31USpI+oGfDLQ6a2aV2a3I5e+0jpMhofaESJwh0cIR9vlAaHL\nRJjF11QaadHF/JA+N57+X7zK5jGSrXVCdcrAwupOWSbjRB3wjR0cQeFzze9SRHu+\nR5h+IvlslyrCxOJVVADLWMAD5TQTC6D1AYlA8idIuu+sudRJsxjv/N5lhQUF35Cm\nnZqIHbFYdjqfpIZd5TglHt9I+uKTX72vzZnA2J+0WImodye4xQjpMn8EnB/97iPb\nNQIDAQAB\n-----END RSA PUBLIC KEY-----\n',_binary 'PwJYJMMRW0IbGDx7fT1MQEN-Y0pZuHxL8PMRFlnWct7BlWQVg0ZKaggJYAI_WnCR1zfLH-voFi21d81eyfm-LE_2ItUGaHptjBpPKVVbkE2XmelDRlxmlHDLSkVUc38fHSQBWSJkYOH1OwAJ2pDYFFpiTJXEbclhGTyBfO0WkaiOAP_p8YjvwPwLKasFG9zStPgWpC9pxbb2yoYSGtvvzk-opLCRAvn0cWYGmqTxSQiOJJs3gbiAmt_FIe12RUyl5H3x5oGBllcDm7tGjdjdhHl35WD6g77HM8KutzXdZR1se6qjrx5P_rkIhgPbN4m-8FV_Lq_zcIz3LfPPmMxqwrQcOuHyJ_WevO-c-Wfl1Fs5mvIxuDWNWq3n23YNcFbDpqVHFqyMYzGzzy3SAoSrTNiOe0fE89Km0oSwR_9ziK7db2Kvn36u5v2Jyk2kvzSkS98w8RbcpoPYd6aiHJ4g-LRaD2nBp8D95UkX_QU880qjhqi0q-vfCFzk7DDLE6Z9WzPhxCbpjCFU7HEpbyi3OuZx7Iukkx8ME90u-lQv0tUM4-0lKrYobx1FjN2gGFaUPlt4946zACFIEALKz3uCdGGRDWBVmXaapTXNlP8KLumxXYEBSvh7rw6MmNWNZZT8JM6p4F6_bV6kq1ah2jT8vfp4PDtzwqqGeBTyhKLVbXyzSV5Y1-T0gvTP7NTN4l6RKmJlk6ooCvoBW5H3uMgRcY9R69MLwWjL7aYdR61aijpkSY9-Rk3SGFHJoJiLpPJJKQHvhs0pGh89IOj_HKukYgMRBz4-jGRuzV7x7f-zaTiPtqP5ta-Dh1NPpDbrT5fvHgi2lhZanVzle3sSdR9IpA-PSNH1juYfEf6ixehHJH3EdHxYPH0bnrgpcfba81QL3QWpsmPcxDtoVZnMafnwDT1-d01vCtFvGzpDRZecwTDoc-S3cNI4wcB1a_tCMo86hvDa3KTu5RjNdwFqUMj_CYb7ECFslqFGDWi3S839rIRvjdAqjtgbOviz1JQNqZTHbTUIPYbdq0D_eo9IqXgC4fhSOTTknKv-l58_hAnXL6Ui73qCOVrRmLuQud6tDX8ZHxxLKIqtF4vkpTqPbr71KU4g46MduABLARxPu2qJDGUl1YM0pOBHQbbqvKLbamcBd4jVkoDHY41Bf7x2iRpdplJz-tUiiXwnQ2o4KxbJ-t6dx2G18XJ67cWmwyHOaxEjoIY9azmSi4cENhQQvb0v2tHTiSqyK9-z4S1W1lcyqln67mh83DAQp55Q9UA9bJyrZJeQNZ2DQpbmLlFxW0uIGTAmeVT4SEITxQgmck7hYyeCqAdvumulzxL0S0Kl7DZ8rJlofXSIy-heOwjCMINHjhhH5L4SzwkOvfnzOo2JJlOOIKAdzuNMUSlZ6uNRL2q6g0ivnwlN5WcUqncvCtuY1uPm6NZPofpBf8zW0lqjK5gCgJJRRGySQa69RzFqzVTTbGLM-2TVhj8VeB987TUJ1tkEHmC3pkIq1mXcQboOfSu0i6c5rUwvsytgrZJ6Tdw1nkUtrvBqf9PHKBBQP4KGe4ru4xVXmg7NcvA9zoZ8kqlAvRTjvWkot2lK3fCse7xpmRg5txmWpp3zX4JnU2QIrxMICMIO8gLT3b4RN9d581b-vtABfrY_4ol915mPw9nTf4_hQuPpj_4gLBRFShaojOILZ_bKggMbg76VxBPuYQj3VY_TwQJS_LsFv1SDoHh5k5wQeTv0jPArwsy3GLZ0UzepnzlRo6rhlrPQMLKynsAZIPlXIEFa-0dKjy2SSKtqtEzC05fR9ToNG6JDRVEG1dIImZmZ5LBghN5tzgj8NsTVT4SGirjHEyRYIkRZ3RBVVcTi5EEFKch0PcXD52AxX7fzb2Vxfj703XGAf_vINbNa47kfJlf8AXqoi_lutZ8UmDNhOChUAKll00LPfO41C6oq8_p4sqWbfxV_Wf2JuMG07Qq8A_helDWK5a5mCkWQLvpDWgXwJXJZcHXRC3D9SrA7QM-6pww7ZCyxpqJbRpuCy4KiW73m31QNn6aJwpuUu5nUSUMjUX4JAXeoBP9dojrXfwxO9jZrj78Veo22076WyEPxBQxGASOk8N8n9i6MLX_c8022YdlU3i8QCIb5t8DdwFe-LgMz4CFnqvwtak8kUuNqtOfB3XM4keRmaAo8YJ0xq7ClDGAiieKOBsFEzePAWuS3vYdYohNYqc34_m-jMbjDHMCBhE1_xsBN6pkYYF3L-8x5RRBxM-HsUmIvou-LBKICzZz-zFzcOSS2NvfZF7I50Fb4c8lr00ogOhmOJvgbuFHTwBFYSFAgrUJSWYc5YQfoVhRboklnH4Ws_xZv1etlyYHpObnlNkfLt7zuGBnjKT28RcCXN4iuBZ0ZBMzsewJ2Mbq-cWURFH2btazSg07H6-yj17BxXqLXgVlJh7FWOPfrHU47q8bHMSjMzCXSEzApGv_xX68Mgex0qPNbYE073GpZqfNHH2GtLrULaGxCM9jpr93CG5SY6QA9lW0UDdfzsFTqhEOSbhC8HVT2IuP6e-mrJgfQnNk2bdKgzL0pn6YP035xYxYojkSTxHBKvFtKQjDRXB4_gAreFOi8qRMPTAogRnmd8yqHFKN3BNzn8MXJN43zZ9RUmwWJHs3VpLgZ5aicSITraTJufPXj77FJ2ZG0OlYTbBQIp2g2aMBM1DRih-_sJxRELOc5mB9VOKCpbO9Qxx6ptRkbWJWpvmdTwggGw2HJK1c4jTbA9kGncG8SLvR8iSo98MrUEE8dF44FqVdRiRMgjTphuRZMi4EGiLw4_gtwjfARuk-56xkpmvJS6NUZfG6CU8bdzkmv4BR9l2KdS9AGllqskQ8Ohd9oMZTlHn2r1d8P9PfNA2OkhFP11kx8vOUfdG0_2xctMDXikb9JaftxDK_R31s9ewKblZfcgtYNYqFZ4o6HkB4C5WY2wz2zcHLRNGk91d1XNxRYs7M_fEJvZXAAhvt6XsP51XhPAcgarNw=');
/*!40000 ALTER TABLE `usuarios_pairkeys` ENABLE KEYS */;
UNLOCK TABLES;

--
-- Table structure for table `usuarios_permisos_analiticas`
--

DROP TABLE IF EXISTS `usuarios_permisos_analiticas`;
/*!40101 SET @saved_cs_client     = @@character_set_client */;
/*!40101 SET character_set_client = utf8 */;
CREATE TABLE `usuarios_permisos_analiticas` (
  `analitica_id` int(11) NOT NULL,
  `empleado_id` int(11) NOT NULL,
  `clave` varchar(344) NOT NULL,
  PRIMARY KEY (`analitica_id`,`empleado_id`),
  KEY `empleado_id` (`empleado_id`),
  CONSTRAINT `usuarios_permisos_analiticas_ibfk_1` FOREIGN KEY (`analitica_id`) REFERENCES `usuarios_analiticas` (`id`) ON DELETE CASCADE,
  CONSTRAINT `usuarios_permisos_analiticas_ibfk_2` FOREIGN KEY (`empleado_id`) REFERENCES `usuarios` (`id`) ON DELETE CASCADE
) ENGINE=InnoDB DEFAULT CHARSET=latin1;
/*!40101 SET character_set_client = @saved_cs_client */;

--
-- Dumping data for table `usuarios_permisos_analiticas`
--

LOCK TABLES `usuarios_permisos_analiticas` WRITE;
/*!40000 ALTER TABLE `usuarios_permisos_analiticas` DISABLE KEYS */;
/*!40000 ALTER TABLE `usuarios_permisos_analiticas` ENABLE KEYS */;
UNLOCK TABLES;

--
-- Table structure for table `usuarios_permisos_entradas_historial`
--

DROP TABLE IF EXISTS `usuarios_permisos_entradas_historial`;
/*!40101 SET @saved_cs_client     = @@character_set_client */;
/*!40101 SET character_set_client = utf8 */;
CREATE TABLE `usuarios_permisos_entradas_historial` (
  `entrada_id` int(11) NOT NULL,
  `empleado_id` int(11) NOT NULL,
  `clave` varchar(344) NOT NULL,
  PRIMARY KEY (`entrada_id`,`empleado_id`),
  KEY `empleado_id` (`empleado_id`),
  CONSTRAINT `usuarios_permisos_entradas_historial_ibfk_1` FOREIGN KEY (`entrada_id`) REFERENCES `usuarios_entradas_historial` (`id`) ON DELETE CASCADE,
  CONSTRAINT `usuarios_permisos_entradas_historial_ibfk_2` FOREIGN KEY (`empleado_id`) REFERENCES `usuarios` (`id`) ON DELETE CASCADE
) ENGINE=InnoDB DEFAULT CHARSET=latin1;
/*!40101 SET character_set_client = @saved_cs_client */;

--
-- Dumping data for table `usuarios_permisos_entradas_historial`
--

LOCK TABLES `usuarios_permisos_entradas_historial` WRITE;
/*!40000 ALTER TABLE `usuarios_permisos_entradas_historial` DISABLE KEYS */;
/*!40000 ALTER TABLE `usuarios_permisos_entradas_historial` ENABLE KEYS */;
UNLOCK TABLES;

--
-- Table structure for table `usuarios_permisos_historial`
--

DROP TABLE IF EXISTS `usuarios_permisos_historial`;
/*!40101 SET @saved_cs_client     = @@character_set_client */;
/*!40101 SET character_set_client = utf8 */;
CREATE TABLE `usuarios_permisos_historial` (
  `historial_id` int(11) NOT NULL,
  `empleado_id` int(11) NOT NULL,
  `clave` varchar(344) NOT NULL,
  PRIMARY KEY (`historial_id`,`empleado_id`),
  KEY `empleado_id` (`empleado_id`),
  CONSTRAINT `usuarios_permisos_historial_ibfk_1` FOREIGN KEY (`historial_id`) REFERENCES `usuarios_historial` (`id`) ON DELETE CASCADE,
  CONSTRAINT `usuarios_permisos_historial_ibfk_2` FOREIGN KEY (`empleado_id`) REFERENCES `usuarios` (`id`) ON DELETE CASCADE
) ENGINE=InnoDB DEFAULT CHARSET=latin1;
/*!40101 SET character_set_client = @saved_cs_client */;

--
-- Dumping data for table `usuarios_permisos_historial`
--

LOCK TABLES `usuarios_permisos_historial` WRITE;
/*!40000 ALTER TABLE `usuarios_permisos_historial` DISABLE KEYS */;
/*!40000 ALTER TABLE `usuarios_permisos_historial` ENABLE KEYS */;
UNLOCK TABLES;

--
-- Table structure for table `usuarios_roles`
--

DROP TABLE IF EXISTS `usuarios_roles`;
/*!40101 SET @saved_cs_client     = @@character_set_client */;
/*!40101 SET character_set_client = utf8 */;
CREATE TABLE `usuarios_roles` (
  `usuario_id` int(11) NOT NULL,
  `rol_id` int(11) NOT NULL,
  PRIMARY KEY (`usuario_id`,`rol_id`),
  KEY `rol_id` (`rol_id`),
  CONSTRAINT `usuarios_roles_ibfk_1` FOREIGN KEY (`usuario_id`) REFERENCES `usuarios` (`id`) ON DELETE CASCADE,
  CONSTRAINT `usuarios_roles_ibfk_2` FOREIGN KEY (`rol_id`) REFERENCES `roles` (`id`) ON DELETE CASCADE
) ENGINE=InnoDB DEFAULT CHARSET=latin1;
/*!40101 SET character_set_client = @saved_cs_client */;

--
-- Dumping data for table `usuarios_roles`
--

LOCK TABLES `usuarios_roles` WRITE;
/*!40000 ALTER TABLE `usuarios_roles` DISABLE KEYS */;
INSERT INTO `usuarios_roles` VALUES (24,1),(25,1),(26,1),(27,1),(28,1),(4,3),(5,3),(6,3),(7,3),(8,3),(9,3),(10,3),(11,3),(12,3),(13,3),(14,3),(15,3),(16,3),(17,3),(18,3),(19,3),(20,3),(21,3),(22,3),(23,3),(1,5);
/*!40000 ALTER TABLE `usuarios_roles` ENABLE KEYS */;
UNLOCK TABLES;

--
-- Table structure for table `usuarios_tokens`
--

DROP TABLE IF EXISTS `usuarios_tokens`;
/*!40101 SET @saved_cs_client     = @@character_set_client */;
/*!40101 SET character_set_client = utf8 */;
CREATE TABLE `usuarios_tokens` (
  `id` int(11) NOT NULL AUTO_INCREMENT,
  `usuario_id` int(11) DEFAULT NULL,
  `token` varchar(156) DEFAULT NULL,
  `fecha_expiracion` datetime DEFAULT NULL,
  PRIMARY KEY (`id`),
  UNIQUE KEY `usuario_id` (`usuario_id`),
  CONSTRAINT `usuarios_tokens_ibfk_1` FOREIGN KEY (`usuario_id`) REFERENCES `usuarios` (`id`) ON DELETE CASCADE
) ENGINE=InnoDB AUTO_INCREMENT=8 DEFAULT CHARSET=latin1;
/*!40101 SET character_set_client = @saved_cs_client */;

--
-- Dumping data for table `usuarios_tokens`
--

LOCK TABLES `usuarios_tokens` WRITE;
/*!40000 ALTER TABLE `usuarios_tokens` DISABLE KEYS */;
INSERT INTO `usuarios_tokens` VALUES (1,1,'yw7CWtIznx39OAdfT-4pXb21tcHSz9kvcckyFJMgJ7haJeXbGqQpe1SxyuhD7W3D4InDDb0GhxCiPmPEcSfW34BhF3z2oNuzTNG3fAHhLgbmGK2fuEKXwqfcEWxdWfhXJR-V5HBlmHQXBcvyl6nt0Gt0MVcI','2020-06-17 12:15:43'),(2,23,'X0ypwYqgg34BFBcbTNRStH3MjIwr7Ur8SWJhwyN8lUa4TpK7YAGzNOc9IM0BYfYHDVh4qa-v7UO5WovECNSI7Xn9Mj0l3yf8WeiV1xWpKeKai8PsxnUmdeq7GDc1tla2cRi1QWXH9aKkc9-ab0uYzBCV5aWk','2020-06-17 12:15:53'),(3,24,'TDxxmA2XJkwYu9cpFgSdJmp00tswj17xnA5vp88avK3yWZAwGDUowRZoAFO32IZQ8pgXmWu960viMZ5uLMhM-zRXA-CD6M6TPqrt2z2guzKMuAAkMFNWTZCczAjxaeabY6-my65LKUHPCoXojpgKqfKKIRqg','2020-06-17 23:00:40'),(4,25,'BSBSL5DzBUg7c6bxcUPwho28xqZ3kM5D-xOzOn9FMAF17o2q5gn4Tk4JELedfHVAfVKJX7X5w9FySPpi0D-ge4WksuaJaGT3IgM4aBfrdKbRkWK0R01p2TvXQC2UocafTbpFPPwTrC3HTbpAUMrVaY-nJdh5','2020-06-17 23:02:21'),(5,26,'31iKoRWNEgox1NrcwQHnILt2cS3leBMu2xFAjPS8i-BzPIX4nWcGRqXRQ21yrFnGDPhi6W3IKosrYWqt0wfSceNEN3ZJA2m31DwUz5XG1BN-VeJcPhqf-Zjn5wJaLuz6eY2vqK4X49G1BceOsSXipKmHg8rI','2020-06-17 23:06:29'),(6,27,'jakg0THtsD4PTe0cihJDrHg73l-k1w04ewjcBsMLN2KEvO5z-kLmft1gQ38Ua0Ptj88erSiHXzaA0Aaepuw1OXIERdr0z1gKev5j6NH37yp83ilyGPcnMw8oA6ELbfNrVDnoQu8063LCHPdR0UmkxoUojzwY','2020-06-17 23:10:06'),(7,28,'OCOMDXyzH9wbVf9NRuKcBff76kpAwknelT7NvK8JsIRH4TNLwO93dXMiw9yGSKZ-HFZwl3TTF0qv6O5QQ-eaO4zSB9zVv3TNPEkI4qQ8jpJgON8ujcR0kHVaeZzHppJCTx2lcifivrigYxpZju1m5BXwYkaj','2020-06-17 23:11:04');
/*!40000 ALTER TABLE `usuarios_tokens` ENABLE KEYS */;
UNLOCK TABLES;
/*!40103 SET TIME_ZONE=@OLD_TIME_ZONE */;

/*!40101 SET SQL_MODE=@OLD_SQL_MODE */;
/*!40014 SET FOREIGN_KEY_CHECKS=@OLD_FOREIGN_KEY_CHECKS */;
/*!40014 SET UNIQUE_CHECKS=@OLD_UNIQUE_CHECKS */;
/*!40101 SET CHARACTER_SET_CLIENT=@OLD_CHARACTER_SET_CLIENT */;
/*!40101 SET CHARACTER_SET_RESULTS=@OLD_CHARACTER_SET_RESULTS */;
/*!40101 SET COLLATION_CONNECTION=@OLD_COLLATION_CONNECTION */;
/*!40111 SET SQL_NOTES=@OLD_SQL_NOTES */;

-- Dump completed on 2020-06-18  0:41:22
